status	species	common_name	assembly_accession	assembly_name	assembly_level	source	cultivar	bioproject	species_dir	has_genome	has_gff3	has_gtf	has_readme_zh	has_readme_en	part_or_aria2_files	genome_size_bytes	gff3_size_bytes	gtf_size_bytes	directory_size_bytes	genome_path	gff3_path	gtf_path	genome_url	gff3_url	gtf_url	phytozome_note
完整：清单、文件、中文 README 都存在	Arachis hypogaea	peanut	GCA_003713155.1	ASM371315v1	Chromosome	NCBI GenBank	Shitouqi	PRJNA480120	Arachis_hypogaea_GCA_003713155.1	yes	yes	yes	yes	yes	0	755533638	14420164	15616538	785574816	Arachis_hypogaea_GCA_003713155.1/genome/GCA_003713155.1_ASM371315v1_genomic.fna.gz	Arachis_hypogaea_GCA_003713155.1/annotation/GCA_003713155.1_ASM371315v1_genomic.gff.gz	Arachis_hypogaea_GCA_003713155.1/annotation/GCA_003713155.1_ASM371315v1_genomic.gtf.gz	https://ftp.ncbi.nlm.nih.gov/genomes/all/GCA/003/713/155/GCA_003713155.1_ASM371315v1/GCA_003713155.1_ASM371315v1_genomic.fna.gz	https://ftp.ncbi.nlm.nih.gov/genomes/all/GCA/003/713/155/GCA_003713155.1_ASM371315v1/GCA_003713155.1_ASM371315v1_genomic.gff.gz	https://ftp.ncbi.nlm.nih.gov/genomes/all/GCA/003/713/155/GCA_003713155.1_ASM371315v1/GCA_003713155.1_ASM371315v1_genomic.gtf.gz	Phytozome 暂不下载，仅后续记录可用性
完整：清单、文件、中文 README 都存在	Arachis hypogaea	peanut	GCA_004170445.1	ASM417044v1	Chromosome	NCBI GenBank	GDAAS-fuhuasheng2018	PRJNA500997	Arachis_hypogaea_GCA_004170445.1	yes	yes	yes	yes	yes	0	757723151	18134903	19652679	795515221	Arachis_hypogaea_GCA_004170445.1/genome/GCA_004170445.1_ASM417044v1_genomic.fna.gz	Arachis_hypogaea_GCA_004170445.1/annotation/GCA_004170445.1_ASM417044v1_genomic.gff.gz	Arachis_hypogaea_GCA_004170445.1/annotation/GCA_004170445.1_ASM417044v1_genomic.gtf.gz	https://ftp.ncbi.nlm.nih.gov/genomes/all/GCA/004/170/445/GCA_004170445.1_ASM417044v1/GCA_004170445.1_ASM417044v1_genomic.fna.gz	https://ftp.ncbi.nlm.nih.gov/genomes/all/GCA/004/170/445/GCA_004170445.1_ASM417044v1/GCA_004170445.1_ASM417044v1_genomic.gff.gz	https://ftp.ncbi.nlm.nih.gov/genomes/all/GCA/004/170/445/GCA_004170445.1_ASM417044v1/GCA_004170445.1_ASM417044v1_genomic.gtf.gz	Phytozome 暂不下载，仅后续记录可用性
完整：清单、文件、中文 README 都存在	Arachis hypogaea	peanut	GCA_039852515.1	HN51	Complete Genome	NCBI GenBank	Huayu23	PRJNA1106792	Arachis_hypogaea_GCA_039852515.1	yes	yes	yes	yes	yes	0	767399010	10698166	11542763	789644227	Arachis_hypogaea_GCA_039852515.1/genome/GCA_039852515.1_HN51_genomic.fna.gz	Arachis_hypogaea_GCA_039852515.1/annotation/GCA_039852515.1_HN51_genomic.gff.gz	Arachis_hypogaea_GCA_039852515.1/annotation/GCA_039852515.1_HN51_genomic.gtf.gz	https://ftp.ncbi.nlm.nih.gov/genomes/all/GCA/039/852/515/GCA_039852515.1_HN51/GCA_039852515.1_HN51_genomic.fna.gz	https://ftp.ncbi.nlm.nih.gov/genomes/all/GCA/039/852/515/GCA_039852515.1_HN51/GCA_039852515.1_HN51_genomic.gff.gz	https://ftp.ncbi.nlm.nih.gov/genomes/all/GCA/039/852/515/GCA_039852515.1_HN51/GCA_039852515.1_HN51_genomic.gtf.gz	Phytozome 暂不下载，仅后续记录可用性
完整：清单、文件、中文 README 都存在	Arachis hypogaea	peanut	GCA_039852645.1	HN873	Complete Genome	NCBI GenBank	Chedouzi	PRJNA1106792	Arachis_hypogaea_GCA_039852645.1	yes	yes	yes	yes	yes	0	761889885	10973428	11697663	784565294	Arachis_hypogaea_GCA_039852645.1/genome/GCA_039852645.1_HN873_genomic.fna.gz	Arachis_hypogaea_GCA_039852645.1/annotation/GCA_039852645.1_HN873_genomic.gff.gz	Arachis_hypogaea_GCA_039852645.1/annotation/GCA_039852645.1_HN873_genomic.gtf.gz	https://ftp.ncbi.nlm.nih.gov/genomes/all/GCA/039/852/645/GCA_039852645.1_HN873/GCA_039852645.1_HN873_genomic.fna.gz	https://ftp.ncbi.nlm.nih.gov/genomes/all/GCA/039/852/645/GCA_039852645.1_HN873/GCA_039852645.1_HN873_genomic.gff.gz	https://ftp.ncbi.nlm.nih.gov/genomes/all/GCA/039/852/645/GCA_039852645.1_HN873/GCA_039852645.1_HN873_genomic.gtf.gz	Phytozome 暂不下载，仅后续记录可用性
完整：清单、文件、中文 README 都存在	Arachis hypogaea	peanut	GCA_039853315.1	S245	Complete Genome	NCBI GenBank	Laiyang Silihong	PRJNA1106792	Arachis_hypogaea_GCA_039853315.1	yes	yes	yes	yes	yes	0	764898432	10971214	11467160	787341103	Arachis_hypogaea_GCA_039853315.1/genome/GCA_039853315.1_S245_genomic.fna.gz	Arachis_hypogaea_GCA_039853315.1/annotation/GCA_039853315.1_S245_genomic.gff.gz	Arachis_hypogaea_GCA_039853315.1/annotation/GCA_039853315.1_S245_genomic.gtf.gz	https://ftp.ncbi.nlm.nih.gov/genomes/all/GCA/039/853/315/GCA_039853315.1_S245/GCA_039853315.1_S245_genomic.fna.gz	https://ftp.ncbi.nlm.nih.gov/genomes/all/GCA/039/853/315/GCA_039853315.1_S245/GCA_039853315.1_S245_genomic.gff.gz	https://ftp.ncbi.nlm.nih.gov/genomes/all/GCA/039/853/315/GCA_039853315.1_S245/GCA_039853315.1_S245_genomic.gtf.gz	Phytozome 暂不下载，仅后续记录可用性
完整：清单、文件、中文 README 都存在	Arachis hypogaea	peanut	GCA_039854485.1	S83	Complete Genome	NCBI GenBank	Yunnan Rainbow Peanut	PRJNA1106792	Arachis_hypogaea_GCA_039854485.1	yes	yes	yes	yes	yes	0	768741073	10876222	11449161	791070729	Arachis_hypogaea_GCA_039854485.1/genome/GCA_039854485.1_S83_genomic.fna.gz	Arachis_hypogaea_GCA_039854485.1/annotation/GCA_039854485.1_S83_genomic.gff.gz	Arachis_hypogaea_GCA_039854485.1/annotation/GCA_039854485.1_S83_genomic.gtf.gz	https://ftp.ncbi.nlm.nih.gov/genomes/all/GCA/039/854/485/GCA_039854485.1_S83/GCA_039854485.1_S83_genomic.fna.gz	https://ftp.ncbi.nlm.nih.gov/genomes/all/GCA/039/854/485/GCA_039854485.1_S83/GCA_039854485.1_S83_genomic.gff.gz	https://ftp.ncbi.nlm.nih.gov/genomes/all/GCA/039/854/485/GCA_039854485.1_S83/GCA_039854485.1_S83_genomic.gtf.gz	Phytozome 暂不下载，仅后续记录可用性
完整：清单、文件、中文 README 都存在	Arachis hypogaea	peanut	GCA_041383265.1	AhypogaeaLine8 v1.0	Chromosome	NCBI GenBank	Line8	PRJNA1104288	Arachis_hypogaea_GCA_041383265.1	yes	yes	yes	yes	yes	0	780427580	14787212	14937928	810157426	Arachis_hypogaea_GCA_041383265.1/genome/GCA_041383265.1_AhypogaeaLine8_v1.0_genomic.fna.gz	Arachis_hypogaea_GCA_041383265.1/annotation/GCA_041383265.1_AhypogaeaLine8_v1.0_genomic.gff.gz	Arachis_hypogaea_GCA_041383265.1/annotation/GCA_041383265.1_AhypogaeaLine8_v1.0_genomic.gtf.gz	https://ftp.ncbi.nlm.nih.gov/genomes/all/GCA/041/383/265/GCA_041383265.1_AhypogaeaLine8_v1.0/GCA_041383265.1_AhypogaeaLine8_v1.0_genomic.fna.gz	https://ftp.ncbi.nlm.nih.gov/genomes/all/GCA/041/383/265/GCA_041383265.1_AhypogaeaLine8_v1.0/GCA_041383265.1_AhypogaeaLine8_v1.0_genomic.gff.gz	https://ftp.ncbi.nlm.nih.gov/genomes/all/GCA/041/383/265/GCA_041383265.1_AhypogaeaLine8_v1.0/GCA_041383265.1_AhypogaeaLine8_v1.0_genomic.gtf.gz	Phytozome 暂不下载，仅后续记录可用性
完整：清单、文件、中文 README 都存在	Arachis hypogaea	peanut	GCA_047302255.1	ASM4730225v1	Chromosome	NCBI GenBank	aisheng	PRJNA792912	Arachis_hypogaea_GCA_047302255.1	yes	yes	yes	yes	yes	0	762804144	10010416	11095591	783914655	Arachis_hypogaea_GCA_047302255.1/genome/GCA_047302255.1_ASM4730225v1_genomic.fna.gz	Arachis_hypogaea_GCA_047302255.1/annotation/GCA_047302255.1_ASM4730225v1_genomic.gff.gz	Arachis_hypogaea_GCA_047302255.1/annotation/GCA_047302255.1_ASM4730225v1_genomic.gtf.gz	https://ftp.ncbi.nlm.nih.gov/genomes/all/GCA/047/302/255/GCA_047302255.1_ASM4730225v1/GCA_047302255.1_ASM4730225v1_genomic.fna.gz	https://ftp.ncbi.nlm.nih.gov/genomes/all/GCA/047/302/255/GCA_047302255.1_ASM4730225v1/GCA_047302255.1_ASM4730225v1_genomic.gff.gz	https://ftp.ncbi.nlm.nih.gov/genomes/all/GCA/047/302/255/GCA_047302255.1_ASM4730225v1/GCA_047302255.1_ASM4730225v1_genomic.gtf.gz	Phytozome 暂不下载，仅后续记录可用性
完整：清单、文件、中文 README 都存在	Arachis hypogaea	peanut	GCF_003086295.3	arahy.Tifrunner.gnm2.J5K5	Chromosome	NCBI RefSeq	Tifrunner	PRJNA476953	Arachis_hypogaea_GCF_003086295.3	yes	yes	yes	yes	yes	0	765878382	29506755	28253608	823643625	Arachis_hypogaea_GCF_003086295.3/genome/GCF_003086295.3_arahy.Tifrunner.gnm2.J5K5_genomic.fna.gz	Arachis_hypogaea_GCF_003086295.3/annotation/GCF_003086295.3_arahy.Tifrunner.gnm2.J5K5_genomic.gff.gz	Arachis_hypogaea_GCF_003086295.3/annotation/GCF_003086295.3_arahy.Tifrunner.gnm2.J5K5_genomic.gtf.gz	https://ftp.ncbi.nlm.nih.gov/genomes/all/GCF/003/086/295/GCF_003086295.3_arahy.Tifrunner.gnm2.J5K5/GCF_003086295.3_arahy.Tifrunner.gnm2.J5K5_genomic.fna.gz	https://ftp.ncbi.nlm.nih.gov/genomes/all/GCF/003/086/295/GCF_003086295.3_arahy.Tifrunner.gnm2.J5K5/GCF_003086295.3_arahy.Tifrunner.gnm2.J5K5_genomic.gff.gz	https://ftp.ncbi.nlm.nih.gov/genomes/all/GCF/003/086/295/GCF_003086295.3_arahy.Tifrunner.gnm2.J5K5/GCF_003086295.3_arahy.Tifrunner.gnm2.J5K5_genomic.gtf.gz	Phytozome 暂不下载，仅后续记录可用性
完整：清单、文件、中文 README 都存在	Beta vulgaris	sugar beet	GCA_000511025.2	RefBeet-1.2.2	Chromosome	NCBI GenBank		PRJNA41497	Beta_vulgaris_GCA_000511025.2	yes	yes	yes	yes	yes	0	166014563	5693520	5048117	176760699	Beta_vulgaris_GCA_000511025.2/genome/GCA_000511025.2_RefBeet-1.2.2_genomic.fna.gz	Beta_vulgaris_GCA_000511025.2/annotation/GCA_000511025.2_RefBeet-1.2.2_genomic.gff.gz	Beta_vulgaris_GCA_000511025.2/annotation/GCA_000511025.2_RefBeet-1.2.2_genomic.gtf.gz	https://ftp.ncbi.nlm.nih.gov/genomes/all/GCA/000/511/025/GCA_000511025.2_RefBeet-1.2.2/GCA_000511025.2_RefBeet-1.2.2_genomic.fna.gz	https://ftp.ncbi.nlm.nih.gov/genomes/all/GCA/000/511/025/GCA_000511025.2_RefBeet-1.2.2/GCA_000511025.2_RefBeet-1.2.2_genomic.gff.gz	https://ftp.ncbi.nlm.nih.gov/genomes/all/GCA/000/511/025/GCA_000511025.2_RefBeet-1.2.2/GCA_000511025.2_RefBeet-1.2.2_genomic.gtf.gz	Phytozome 暂不下载，仅后续记录可用性
完整：清单、文件、中文 README 都存在	Beta vulgaris	sugar beet	GCF_026745355.1	EL10.2	Chromosome	NCBI RefSeq	EL10	PRJNA973951	Beta_vulgaris_GCF_026745355.1	yes	yes	yes	yes	yes	0	167361819	8774186	8124815	184265118	Beta_vulgaris_GCF_026745355.1/genome/GCF_026745355.1_EL10.2_genomic.fna.gz	Beta_vulgaris_GCF_026745355.1/annotation/GCF_026745355.1_EL10.2_genomic.gff.gz	Beta_vulgaris_GCF_026745355.1/annotation/GCF_026745355.1_EL10.2_genomic.gtf.gz	https://ftp.ncbi.nlm.nih.gov/genomes/all/GCF/026/745/355/GCF_026745355.1_EL10.2/GCF_026745355.1_EL10.2_genomic.fna.gz	https://ftp.ncbi.nlm.nih.gov/genomes/all/GCF/026/745/355/GCF_026745355.1_EL10.2/GCF_026745355.1_EL10.2_genomic.gff.gz	https://ftp.ncbi.nlm.nih.gov/genomes/all/GCF/026/745/355/GCF_026745355.1_EL10.2/GCF_026745355.1_EL10.2_genomic.gtf.gz	Phytozome 暂不下载，仅后续记录可用性
完整：清单、文件、中文 README 都存在	Brassica napus	rapeseed	GCA_000751015.1	AST_PRJEB5043_v1	Scaffold	NCBI GenBank		PRJEB5043	Brassica_napus_GCA_000751015.1	yes	yes	yes	yes	yes	0	235101249	10837051	10358264	256301144	Brassica_napus_GCA_000751015.1/genome/GCA_000751015.1_AST_PRJEB5043_v1_genomic.fna.gz	Brassica_napus_GCA_000751015.1/annotation/GCA_000751015.1_AST_PRJEB5043_v1_genomic.gff.gz	Brassica_napus_GCA_000751015.1/annotation/GCA_000751015.1_AST_PRJEB5043_v1_genomic.gtf.gz	https://ftp.ncbi.nlm.nih.gov/genomes/all/GCA/000/751/015/GCA_000751015.1_AST_PRJEB5043_v1/GCA_000751015.1_AST_PRJEB5043_v1_genomic.fna.gz	https://ftp.ncbi.nlm.nih.gov/genomes/all/GCA/000/751/015/GCA_000751015.1_AST_PRJEB5043_v1/GCA_000751015.1_AST_PRJEB5043_v1_genomic.gff.gz	https://ftp.ncbi.nlm.nih.gov/genomes/all/GCA/000/751/015/GCA_000751015.1_AST_PRJEB5043_v1/GCA_000751015.1_AST_PRJEB5043_v1_genomic.gtf.gz	Phytozome 暂不下载，仅后续记录可用性
完整：清单、文件、中文 README 都存在	Brassica napus	rapeseed	GCA_038677285.1	ASM3867728v1	Chromosome	NCBI GenBank	Xiang5A	PRJNA950196	Brassica_napus_GCA_038677285.1	yes	yes	yes	yes	yes	0	283925912	18562500	19181942	321674833	Brassica_napus_GCA_038677285.1/genome/GCA_038677285.1_ASM3867728v1_genomic.fna.gz	Brassica_napus_GCA_038677285.1/annotation/GCA_038677285.1_ASM3867728v1_genomic.gff.gz	Brassica_napus_GCA_038677285.1/annotation/GCA_038677285.1_ASM3867728v1_genomic.gtf.gz	https://ftp.ncbi.nlm.nih.gov/genomes/all/GCA/038/677/285/GCA_038677285.1_ASM3867728v1/GCA_038677285.1_ASM3867728v1_genomic.fna.gz	https://ftp.ncbi.nlm.nih.gov/genomes/all/GCA/038/677/285/GCA_038677285.1_ASM3867728v1/GCA_038677285.1_ASM3867728v1_genomic.gff.gz	https://ftp.ncbi.nlm.nih.gov/genomes/all/GCA/038/677/285/GCA_038677285.1_ASM3867728v1/GCA_038677285.1_ASM3867728v1_genomic.gtf.gz	Phytozome 暂不下载，仅后续记录可用性
完整：清单、文件、中文 README 都存在	Brassica napus	rapeseed	GCA_905183035.1	bnapus_darmor_bzh_v10	Chromosome	NCBI GenBank		PRJEB40412	Brassica_napus_GCA_905183035.1	yes	yes	yes	yes	yes	0	270992114	13897112	13237319	298131277	Brassica_napus_GCA_905183035.1/genome/GCA_905183035.1_bnapus_darmor_bzh_v10_genomic.fna.gz	Brassica_napus_GCA_905183035.1/annotation/GCA_905183035.1_bnapus_darmor_bzh_v10_genomic.gff.gz	Brassica_napus_GCA_905183035.1/annotation/GCA_905183035.1_bnapus_darmor_bzh_v10_genomic.gtf.gz	https://ftp.ncbi.nlm.nih.gov/genomes/all/GCA/905/183/035/GCA_905183035.1_bnapus_darmor_bzh_v10/GCA_905183035.1_bnapus_darmor_bzh_v10_genomic.fna.gz	https://ftp.ncbi.nlm.nih.gov/genomes/all/GCA/905/183/035/GCA_905183035.1_bnapus_darmor_bzh_v10/GCA_905183035.1_bnapus_darmor_bzh_v10_genomic.gff.gz	https://ftp.ncbi.nlm.nih.gov/genomes/all/GCA/905/183/035/GCA_905183035.1_bnapus_darmor_bzh_v10/GCA_905183035.1_bnapus_darmor_bzh_v10_genomic.gtf.gz	Phytozome 暂不下载，仅后续记录可用性
完整：清单、文件、中文 README 都存在	Brassica napus	rapeseed	GCA_982223935.1	BNARCCS0.1	Chromosome	NCBI GenBank		PRJEB73840	Brassica_napus_GCA_982223935.1	yes	yes	yes	yes	yes	0	256213583	12570350	13181344	281969690	Brassica_napus_GCA_982223935.1/genome/GCA_982223935.1_BNARCCS0.1_genomic.fna.gz	Brassica_napus_GCA_982223935.1/annotation/GCA_982223935.1_BNARCCS0.1_genomic.gff.gz	Brassica_napus_GCA_982223935.1/annotation/GCA_982223935.1_BNARCCS0.1_genomic.gtf.gz	https://ftp.ncbi.nlm.nih.gov/genomes/all/GCA/982/223/935/GCA_982223935.1_BNARCCS0.1/GCA_982223935.1_BNARCCS0.1_genomic.fna.gz	https://ftp.ncbi.nlm.nih.gov/genomes/all/GCA/982/223/935/GCA_982223935.1_BNARCCS0.1/GCA_982223935.1_BNARCCS0.1_genomic.gff.gz	https://ftp.ncbi.nlm.nih.gov/genomes/all/GCA/982/223/935/GCA_982223935.1_BNARCCS0.1/GCA_982223935.1_BNARCCS0.1_genomic.gtf.gz	Phytozome 暂不下载，仅后续记录可用性
完整：清单、文件、中文 README 都存在	Brassica napus	rapeseed	GCF_020379485.1	Da-Ae	Chromosome	NCBI RefSeq	Da-Ae	PRJNA844685	Brassica_napus_GCF_020379485.1	yes	yes	yes	yes	yes	0	295920657	30715061	29137587	355777576	Brassica_napus_GCF_020379485.1/genome/GCF_020379485.1_Da-Ae_genomic.fna.gz	Brassica_napus_GCF_020379485.1/annotation/GCF_020379485.1_Da-Ae_genomic.gff.gz	Brassica_napus_GCF_020379485.1/annotation/GCF_020379485.1_Da-Ae_genomic.gtf.gz	https://ftp.ncbi.nlm.nih.gov/genomes/all/GCF/020/379/485/GCF_020379485.1_Da-Ae/GCF_020379485.1_Da-Ae_genomic.fna.gz	https://ftp.ncbi.nlm.nih.gov/genomes/all/GCF/020/379/485/GCF_020379485.1_Da-Ae/GCF_020379485.1_Da-Ae_genomic.gff.gz	https://ftp.ncbi.nlm.nih.gov/genomes/all/GCF/020/379/485/GCF_020379485.1_Da-Ae/GCF_020379485.1_Da-Ae_genomic.gtf.gz	Phytozome 暂不下载，仅后续记录可用性
完整：清单、文件、中文 README 都存在	Brassica oleracea	cabbage	GCA_965638055.1	BOLBOS01.2	Chromosome	NCBI GenBank		PRJEB91562	Brassica_oleracea_GCA_965638055.1	yes	yes	yes	yes	yes	0	193523772	8537371	8769374	210834940	Brassica_oleracea_GCA_965638055.1/genome/GCA_965638055.1_BOLBOS01.2_genomic.fna.gz	Brassica_oleracea_GCA_965638055.1/annotation/GCA_965638055.1_BOLBOS01.2_genomic.gff.gz	Brassica_oleracea_GCA_965638055.1/annotation/GCA_965638055.1_BOLBOS01.2_genomic.gtf.gz	https://ftp.ncbi.nlm.nih.gov/genomes/all/GCA/965/638/055/GCA_965638055.1_BOLBOS01.2/GCA_965638055.1_BOLBOS01.2_genomic.fna.gz	https://ftp.ncbi.nlm.nih.gov/genomes/all/GCA/965/638/055/GCA_965638055.1_BOLBOS01.2/GCA_965638055.1_BOLBOS01.2_genomic.gff.gz	https://ftp.ncbi.nlm.nih.gov/genomes/all/GCA/965/638/055/GCA_965638055.1_BOLBOS01.2/GCA_965638055.1_BOLBOS01.2_genomic.gtf.gz	Phytozome 暂不下载，仅后续记录可用性
完整：清单、文件、中文 README 都存在	Brassica oleracea	cabbage	GCA_965638065.1	BOLC102.1	Chromosome	NCBI GenBank		PRJEB91566	Brassica_oleracea_GCA_965638065.1	yes	yes	yes	yes	yes	0	169891662	8632678	8082707	186611441	Brassica_oleracea_GCA_965638065.1/genome/GCA_965638065.1_BOLC102.1_genomic.fna.gz	Brassica_oleracea_GCA_965638065.1/annotation/GCA_965638065.1_BOLC102.1_genomic.gff.gz	Brassica_oleracea_GCA_965638065.1/annotation/GCA_965638065.1_BOLC102.1_genomic.gtf.gz	https://ftp.ncbi.nlm.nih.gov/genomes/all/GCA/965/638/065/GCA_965638065.1_BOLC102.1/GCA_965638065.1_BOLC102.1_genomic.fna.gz	https://ftp.ncbi.nlm.nih.gov/genomes/all/GCA/965/638/065/GCA_965638065.1_BOLC102.1/GCA_965638065.1_BOLC102.1_genomic.gff.gz	https://ftp.ncbi.nlm.nih.gov/genomes/all/GCA/965/638/065/GCA_965638065.1_BOLC102.1/GCA_965638065.1_BOLC102.1_genomic.gtf.gz	Phytozome 暂不下载，仅后续记录可用性
完整：清单、文件、中文 README 都存在	Brassica oleracea	cabbage	GCA_965641685.1	BOLND125.1	Chromosome	NCBI GenBank		PRJEB91570	Brassica_oleracea_GCA_965641685.1	yes	yes	yes	yes	yes	0	172487725	8862202	8343447	189697797	Brassica_oleracea_GCA_965641685.1/genome/GCA_965641685.1_BOLND125.1_genomic.fna.gz	Brassica_oleracea_GCA_965641685.1/annotation/GCA_965641685.1_BOLND125.1_genomic.gff.gz	Brassica_oleracea_GCA_965641685.1/annotation/GCA_965641685.1_BOLND125.1_genomic.gtf.gz	https://ftp.ncbi.nlm.nih.gov/genomes/all/GCA/965/641/685/GCA_965641685.1_BOLND125.1/GCA_965641685.1_BOLND125.1_genomic.fna.gz	https://ftp.ncbi.nlm.nih.gov/genomes/all/GCA/965/641/685/GCA_965641685.1_BOLND125.1/GCA_965641685.1_BOLND125.1_genomic.gff.gz	https://ftp.ncbi.nlm.nih.gov/genomes/all/GCA/965/641/685/GCA_965641685.1_BOLND125.1/GCA_965641685.1_BOLND125.1_genomic.gtf.gz	Phytozome 暂不下载，仅后续记录可用性
完整：清单、文件、中文 README 都存在	Brassica oleracea	cabbage	GCF_000695525.1	BOL	Chromosome	NCBI RefSeq	TO1000	PRJNA293438	Brassica_oleracea_GCF_000695525.1	yes	yes	yes	yes	yes	0	131548667	14471124	13084609	159108632	Brassica_oleracea_GCF_000695525.1/genome/GCF_000695525.1_BOL_genomic.fna.gz	Brassica_oleracea_GCF_000695525.1/annotation/GCF_000695525.1_BOL_genomic.gff.gz	Brassica_oleracea_GCF_000695525.1/annotation/GCF_000695525.1_BOL_genomic.gtf.gz	https://ftp.ncbi.nlm.nih.gov/genomes/all/GCF/000/695/525/GCF_000695525.1_BOL/GCF_000695525.1_BOL_genomic.fna.gz	https://ftp.ncbi.nlm.nih.gov/genomes/all/GCF/000/695/525/GCF_000695525.1_BOL/GCF_000695525.1_BOL_genomic.gff.gz	https://ftp.ncbi.nlm.nih.gov/genomes/all/GCF/000/695/525/GCF_000695525.1_BOL/GCF_000695525.1_BOL_genomic.gtf.gz	Phytozome 暂不下载，仅后续记录可用性
完整：清单、文件、中文 README 都存在	Brassica rapa	turnip field mustard	GCA_003434825.1	Brassica_rapa_FPsc_v1.3	Chromosome	NCBI GenBank	FPsc (B3)	PRJNA41163	Brassica_rapa_GCA_003434825.1	yes	yes	yes	yes	yes	0	81103754	7772603	8053025	96934208	Brassica_rapa_GCA_003434825.1/genome/GCA_003434825.1_Brassica_rapa_FPsc_v1.3_genomic.fna.gz	Brassica_rapa_GCA_003434825.1/annotation/GCA_003434825.1_Brassica_rapa_FPsc_v1.3_genomic.gff.gz	Brassica_rapa_GCA_003434825.1/annotation/GCA_003434825.1_Brassica_rapa_FPsc_v1.3_genomic.gtf.gz	https://ftp.ncbi.nlm.nih.gov/genomes/all/GCA/003/434/825/GCA_003434825.1_Brassica_rapa_FPsc_v1.3/GCA_003434825.1_Brassica_rapa_FPsc_v1.3_genomic.fna.gz	https://ftp.ncbi.nlm.nih.gov/genomes/all/GCA/003/434/825/GCA_003434825.1_Brassica_rapa_FPsc_v1.3/GCA_003434825.1_Brassica_rapa_FPsc_v1.3_genomic.gff.gz	https://ftp.ncbi.nlm.nih.gov/genomes/all/GCA/003/434/825/GCA_003434825.1_Brassica_rapa_FPsc_v1.3/GCA_003434825.1_Brassica_rapa_FPsc_v1.3_genomic.gtf.gz	Phytozome 暂不下载，仅后续记录可用性
完整：清单、文件、中文 README 都存在	Brassica rapa	turnip field mustard	GCA_017639395.1	SCU_BraROA_2.3	Chromosome	NCBI GenBank	Yellow sarson; R-o-18	PRJNA649364	Brassica_rapa_GCA_017639395.1	yes	yes	yes	yes	yes	0	103390082	9219247	9224000	121837918	Brassica_rapa_GCA_017639395.1/genome/GCA_017639395.1_SCU_BraROA_2.3_genomic.fna.gz	Brassica_rapa_GCA_017639395.1/annotation/GCA_017639395.1_SCU_BraROA_2.3_genomic.gff.gz	Brassica_rapa_GCA_017639395.1/annotation/GCA_017639395.1_SCU_BraROA_2.3_genomic.gtf.gz	https://ftp.ncbi.nlm.nih.gov/genomes/all/GCA/017/639/395/GCA_017639395.1_SCU_BraROA_2.3/GCA_017639395.1_SCU_BraROA_2.3_genomic.fna.gz	https://ftp.ncbi.nlm.nih.gov/genomes/all/GCA/017/639/395/GCA_017639395.1_SCU_BraROA_2.3/GCA_017639395.1_SCU_BraROA_2.3_genomic.gff.gz	https://ftp.ncbi.nlm.nih.gov/genomes/all/GCA/017/639/395/GCA_017639395.1_SCU_BraROA_2.3/GCA_017639395.1_SCU_BraROA_2.3_genomic.gtf.gz	Phytozome 暂不下载，仅后续记录可用性
完整：清单、文件、中文 README 都存在	Brassica rapa	turnip field mustard	GCA_900412535.3	brapa_z1_v2	Chromosome	NCBI GenBank		PRJEB26620	Brassica_rapa_GCA_900412535.3	yes	yes	yes	yes	yes	0	117940857	6209021	6596226	130750575	Brassica_rapa_GCA_900412535.3/genome/GCA_900412535.3_brapa_z1_v2_genomic.fna.gz	Brassica_rapa_GCA_900412535.3/annotation/GCA_900412535.3_brapa_z1_v2_genomic.gff.gz	Brassica_rapa_GCA_900412535.3/annotation/GCA_900412535.3_brapa_z1_v2_genomic.gtf.gz	https://ftp.ncbi.nlm.nih.gov/genomes/all/GCA/900/412/535/GCA_900412535.3_brapa_z1_v2/GCA_900412535.3_brapa_z1_v2_genomic.fna.gz	https://ftp.ncbi.nlm.nih.gov/genomes/all/GCA/900/412/535/GCA_900412535.3_brapa_z1_v2/GCA_900412535.3_brapa_z1_v2_genomic.gff.gz	https://ftp.ncbi.nlm.nih.gov/genomes/all/GCA/900/412/535/GCA_900412535.3_brapa_z1_v2/GCA_900412535.3_brapa_z1_v2_genomic.gtf.gz	Phytozome 暂不下载，仅后续记录可用性
完整：清单、文件、中文 README 都存在	Brassica rapa	turnip field mustard	GCA_965641675.1	BRAR500.1	Chromosome	NCBI GenBank		PRJEB91575	Brassica_rapa_GCA_965641675.1	yes	yes	yes	yes	yes	0	103439741	7116041	6609953	117170157	Brassica_rapa_GCA_965641675.1/genome/GCA_965641675.1_BRAR500.1_genomic.fna.gz	Brassica_rapa_GCA_965641675.1/annotation/GCA_965641675.1_BRAR500.1_genomic.gff.gz	Brassica_rapa_GCA_965641675.1/annotation/GCA_965641675.1_BRAR500.1_genomic.gtf.gz	https://ftp.ncbi.nlm.nih.gov/genomes/all/GCA/965/641/675/GCA_965641675.1_BRAR500.1/GCA_965641675.1_BRAR500.1_genomic.fna.gz	https://ftp.ncbi.nlm.nih.gov/genomes/all/GCA/965/641/675/GCA_965641675.1_BRAR500.1/GCA_965641675.1_BRAR500.1_genomic.gff.gz	https://ftp.ncbi.nlm.nih.gov/genomes/all/GCA/965/641/675/GCA_965641675.1_BRAR500.1/GCA_965641675.1_BRAR500.1_genomic.gtf.gz	Phytozome 暂不下载，仅后续记录可用性
完整：清单、文件、中文 README 都存在	Brassica rapa	turnip field mustard	GCA_965641695.1	BRAWUT.1	Chromosome	NCBI GenBank		PRJEB91579	Brassica_rapa_GCA_965641695.1	yes	yes	yes	yes	yes	0	112216900	7259380	6874304	126354974	Brassica_rapa_GCA_965641695.1/genome/GCA_965641695.1_BRAWUT.1_genomic.fna.gz	Brassica_rapa_GCA_965641695.1/annotation/GCA_965641695.1_BRAWUT.1_genomic.gff.gz	Brassica_rapa_GCA_965641695.1/annotation/GCA_965641695.1_BRAWUT.1_genomic.gtf.gz	https://ftp.ncbi.nlm.nih.gov/genomes/all/GCA/965/641/695/GCA_965641695.1_BRAWUT.1/GCA_965641695.1_BRAWUT.1_genomic.fna.gz	https://ftp.ncbi.nlm.nih.gov/genomes/all/GCA/965/641/695/GCA_965641695.1_BRAWUT.1/GCA_965641695.1_BRAWUT.1_genomic.gff.gz	https://ftp.ncbi.nlm.nih.gov/genomes/all/GCA/965/641/695/GCA_965641695.1_BRAWUT.1/GCA_965641695.1_BRAWUT.1_genomic.gtf.gz	Phytozome 暂不下载，仅后续记录可用性
完整：清单、文件、中文 README 都存在	Brassica rapa	turnip field mustard	GCF_000309985.2	CAAS_Brap_v3.01	Chromosome	NCBI RefSeq	Chiifu-401-42	PRJNA249065	Brassica_rapa_GCF_000309985.2	yes	yes	yes	yes	yes	0	104805307	14207786	13719808	132737501	Brassica_rapa_GCF_000309985.2/genome/GCF_000309985.2_CAAS_Brap_v3.01_genomic.fna.gz	Brassica_rapa_GCF_000309985.2/annotation/GCF_000309985.2_CAAS_Brap_v3.01_genomic.gff.gz	Brassica_rapa_GCF_000309985.2/annotation/GCF_000309985.2_CAAS_Brap_v3.01_genomic.gtf.gz	https://ftp.ncbi.nlm.nih.gov/genomes/all/GCF/000/309/985/GCF_000309985.2_CAAS_Brap_v3.01/GCF_000309985.2_CAAS_Brap_v3.01_genomic.fna.gz	https://ftp.ncbi.nlm.nih.gov/genomes/all/GCF/000/309/985/GCF_000309985.2_CAAS_Brap_v3.01/GCF_000309985.2_CAAS_Brap_v3.01_genomic.gff.gz	https://ftp.ncbi.nlm.nih.gov/genomes/all/GCF/000/309/985/GCF_000309985.2_CAAS_Brap_v3.01/GCF_000309985.2_CAAS_Brap_v3.01_genomic.gtf.gz	Phytozome 暂不下载，仅后续记录可用性
完整：清单、文件、中文 README 都存在	Cicer arietinum	chickpea	GCF_000331145.2	Cicar.CDCFrontier_v2.0	Chromosome	NCBI RefSeq	CDC Frontier; Library 1	PRJNA1251695	Cicer_arietinum_GCF_000331145.2	yes	yes	yes	yes	yes	0	144900890	9134001	8903766	162943464	Cicer_arietinum_GCF_000331145.2/genome/GCF_000331145.2_Cicar.CDCFrontier_v2.0_genomic.fna.gz	Cicer_arietinum_GCF_000331145.2/annotation/GCF_000331145.2_Cicar.CDCFrontier_v2.0_genomic.gff.gz	Cicer_arietinum_GCF_000331145.2/annotation/GCF_000331145.2_Cicar.CDCFrontier_v2.0_genomic.gtf.gz	https://ftp.ncbi.nlm.nih.gov/genomes/all/GCF/000/331/145/GCF_000331145.2_Cicar.CDCFrontier_v2.0/GCF_000331145.2_Cicar.CDCFrontier_v2.0_genomic.fna.gz	https://ftp.ncbi.nlm.nih.gov/genomes/all/GCF/000/331/145/GCF_000331145.2_Cicar.CDCFrontier_v2.0/GCF_000331145.2_Cicar.CDCFrontier_v2.0_genomic.gff.gz	https://ftp.ncbi.nlm.nih.gov/genomes/all/GCF/000/331/145/GCF_000331145.2_Cicar.CDCFrontier_v2.0/GCF_000331145.2_Cicar.CDCFrontier_v2.0_genomic.gtf.gz	Phytozome 暂不下载，仅后续记录可用性
完整：清单、文件、中文 README 都存在	Cucumis melo	melon	GCA_005549215.1	ASM554921v1	Scaffold	NCBI GenBank	SW 3	PRJNA531748	Cucumis_melo_GCA_005549215.1	yes	yes	yes	yes	yes	0	111504077	7279320	7303576	126091423	Cucumis_melo_GCA_005549215.1/genome/GCA_005549215.1_ASM554921v1_genomic.fna.gz	Cucumis_melo_GCA_005549215.1/annotation/GCA_005549215.1_ASM554921v1_genomic.gff.gz	Cucumis_melo_GCA_005549215.1/annotation/GCA_005549215.1_ASM554921v1_genomic.gtf.gz	https://ftp.ncbi.nlm.nih.gov/genomes/all/GCA/005/549/215/GCA_005549215.1_ASM554921v1/GCA_005549215.1_ASM554921v1_genomic.fna.gz	https://ftp.ncbi.nlm.nih.gov/genomes/all/GCA/005/549/215/GCA_005549215.1_ASM554921v1/GCA_005549215.1_ASM554921v1_genomic.gff.gz	https://ftp.ncbi.nlm.nih.gov/genomes/all/GCA/005/549/215/GCA_005549215.1_ASM554921v1/GCA_005549215.1_ASM554921v1_genomic.gtf.gz	Phytozome 暂不下载，仅后续记录可用性
完整：清单、文件、中文 README 都存在	Cucumis melo	melon	GCA_005549225.1	ASM554922v1	Scaffold	NCBI GenBank	Chang Bougi	PRJNA531576	Cucumis_melo_GCA_005549225.1	yes	yes	yes	yes	yes	0	105070814	6928022	6900730	118904023	Cucumis_melo_GCA_005549225.1/genome/GCA_005549225.1_ASM554922v1_genomic.fna.gz	Cucumis_melo_GCA_005549225.1/annotation/GCA_005549225.1_ASM554922v1_genomic.gff.gz	Cucumis_melo_GCA_005549225.1/annotation/GCA_005549225.1_ASM554922v1_genomic.gtf.gz	https://ftp.ncbi.nlm.nih.gov/genomes/all/GCA/005/549/225/GCA_005549225.1_ASM554922v1/GCA_005549225.1_ASM554922v1_genomic.fna.gz	https://ftp.ncbi.nlm.nih.gov/genomes/all/GCA/005/549/225/GCA_005549225.1_ASM554922v1/GCA_005549225.1_ASM554922v1_genomic.gff.gz	https://ftp.ncbi.nlm.nih.gov/genomes/all/GCA/005/549/225/GCA_005549225.1_ASM554922v1/GCA_005549225.1_ASM554922v1_genomic.gtf.gz	Phytozome 暂不下载，仅后续记录可用性
完整：清单、文件、中文 README 都存在	Cucumis melo	melon	GCA_040436765.1	INRAE_GAFL_Cmelo_Doublon_v1	Chromosome	NCBI GenBank	Doublon, /Cantalupensis; 1998GA001	PRJNA662721	Cucumis_melo_GCA_040436765.1	yes	yes	yes	yes	yes	0	111910053	4599709	4752942	121267645	Cucumis_melo_GCA_040436765.1/genome/GCA_040436765.1_INRAE_GAFL_Cmelo_Doublon_v1_genomic.fna.gz	Cucumis_melo_GCA_040436765.1/annotation/GCA_040436765.1_INRAE_GAFL_Cmelo_Doublon_v1_genomic.gff.gz	Cucumis_melo_GCA_040436765.1/annotation/GCA_040436765.1_INRAE_GAFL_Cmelo_Doublon_v1_genomic.gtf.gz	https://ftp.ncbi.nlm.nih.gov/genomes/all/GCA/040/436/765/GCA_040436765.1_INRAE_GAFL_Cmelo_Doublon_v1/GCA_040436765.1_INRAE_GAFL_Cmelo_Doublon_v1_genomic.fna.gz	https://ftp.ncbi.nlm.nih.gov/genomes/all/GCA/040/436/765/GCA_040436765.1_INRAE_GAFL_Cmelo_Doublon_v1/GCA_040436765.1_INRAE_GAFL_Cmelo_Doublon_v1_genomic.gff.gz	https://ftp.ncbi.nlm.nih.gov/genomes/all/GCA/040/436/765/GCA_040436765.1_INRAE_GAFL_Cmelo_Doublon_v1/GCA_040436765.1_INRAE_GAFL_Cmelo_Doublon_v1_genomic.gtf.gz	Phytozome 暂不下载，仅后续记录可用性
完整：清单、文件、中文 README 都存在	Cucumis melo	melon	GCA_046628095.1	INRAE_GAFL_Cmelo_Anso77_v1	Chromosome	NCBI GenBank	anso77, /Inodorus; 2012AO003	PRJNA662717	Cucumis_melo_GCA_046628095.1	yes	yes	yes	yes	yes	0	114202876	4607437	4934252	123749471	Cucumis_melo_GCA_046628095.1/genome/GCA_046628095.1_INRAE_GAFL_Cmelo_Anso77_v1_genomic.fna.gz	Cucumis_melo_GCA_046628095.1/annotation/GCA_046628095.1_INRAE_GAFL_Cmelo_Anso77_v1_genomic.gff.gz	Cucumis_melo_GCA_046628095.1/annotation/GCA_046628095.1_INRAE_GAFL_Cmelo_Anso77_v1_genomic.gtf.gz	https://ftp.ncbi.nlm.nih.gov/genomes/all/GCA/046/628/095/GCA_046628095.1_INRAE_GAFL_Cmelo_Anso77_v1/GCA_046628095.1_INRAE_GAFL_Cmelo_Anso77_v1_genomic.fna.gz	https://ftp.ncbi.nlm.nih.gov/genomes/all/GCA/046/628/095/GCA_046628095.1_INRAE_GAFL_Cmelo_Anso77_v1/GCA_046628095.1_INRAE_GAFL_Cmelo_Anso77_v1_genomic.gff.gz	https://ftp.ncbi.nlm.nih.gov/genomes/all/GCA/046/628/095/GCA_046628095.1_INRAE_GAFL_Cmelo_Anso77_v1/GCA_046628095.1_INRAE_GAFL_Cmelo_Anso77_v1_genomic.gtf.gz	Phytozome 暂不下载，仅后续记录可用性
完整：清单、文件、中文 README 都存在	Cucumis melo	melon	GCF_025177605.1	USDA_Cmelo_AY_1.0	Chromosome	NCBI RefSeq	AY	PRJNA887418	Cucumis_melo_GCF_025177605.1	yes	yes	yes	yes	yes	0	126690553	9063939	8462031	144221139	Cucumis_melo_GCF_025177605.1/genome/GCF_025177605.1_USDA_Cmelo_AY_1.0_genomic.fna.gz	Cucumis_melo_GCF_025177605.1/annotation/GCF_025177605.1_USDA_Cmelo_AY_1.0_genomic.gff.gz	Cucumis_melo_GCF_025177605.1/annotation/GCF_025177605.1_USDA_Cmelo_AY_1.0_genomic.gtf.gz	https://ftp.ncbi.nlm.nih.gov/genomes/all/GCF/025/177/605/GCF_025177605.1_USDA_Cmelo_AY_1.0/GCF_025177605.1_USDA_Cmelo_AY_1.0_genomic.fna.gz	https://ftp.ncbi.nlm.nih.gov/genomes/all/GCF/025/177/605/GCF_025177605.1_USDA_Cmelo_AY_1.0/GCF_025177605.1_USDA_Cmelo_AY_1.0_genomic.gff.gz	https://ftp.ncbi.nlm.nih.gov/genomes/all/GCF/025/177/605/GCF_025177605.1_USDA_Cmelo_AY_1.0/GCF_025177605.1_USDA_Cmelo_AY_1.0_genomic.gtf.gz	Phytozome 暂不下载，仅后续记录可用性
完整：清单、文件、中文 README 都存在	Cucumis sativus	cucumber	GCF_000004075.3	Cucumber_9930_V3	Chromosome	NCBI RefSeq	9930	PRJNA182750	Cucumis_sativus_GCF_000004075.3	yes	yes	yes	yes	yes	0	71224682	7763605	7586721	86579619	Cucumis_sativus_GCF_000004075.3/genome/GCF_000004075.3_Cucumber_9930_V3_genomic.fna.gz	Cucumis_sativus_GCF_000004075.3/annotation/GCF_000004075.3_Cucumber_9930_V3_genomic.gff.gz	Cucumis_sativus_GCF_000004075.3/annotation/GCF_000004075.3_Cucumber_9930_V3_genomic.gtf.gz	https://ftp.ncbi.nlm.nih.gov/genomes/all/GCF/000/004/075/GCF_000004075.3_Cucumber_9930_V3/GCF_000004075.3_Cucumber_9930_V3_genomic.fna.gz	https://ftp.ncbi.nlm.nih.gov/genomes/all/GCF/000/004/075/GCF_000004075.3_Cucumber_9930_V3/GCF_000004075.3_Cucumber_9930_V3_genomic.gff.gz	https://ftp.ncbi.nlm.nih.gov/genomes/all/GCF/000/004/075/GCF_000004075.3_Cucumber_9930_V3/GCF_000004075.3_Cucumber_9930_V3_genomic.gtf.gz	Phytozome 暂不下载，仅后续记录可用性
完整：清单、文件、中文 README 都存在	Daucus carota	carrot	GCA_001625215.2	DH1 v3.0	Chromosome	NCBI GenBank	DH1	PRJNA268187	Daucus_carota_GCA_001625215.2	yes	yes	yes	yes	yes	0	128963146	5368648	5863882	140200046	Daucus_carota_GCA_001625215.2/genome/GCA_001625215.2_DH1_v3.0_genomic.fna.gz	Daucus_carota_GCA_001625215.2/annotation/GCA_001625215.2_DH1_v3.0_genomic.gff.gz	Daucus_carota_GCA_001625215.2/annotation/GCA_001625215.2_DH1_v3.0_genomic.gtf.gz	https://ftp.ncbi.nlm.nih.gov/genomes/all/GCA/001/625/215/GCA_001625215.2_DH1_v3.0/GCA_001625215.2_DH1_v3.0_genomic.fna.gz	https://ftp.ncbi.nlm.nih.gov/genomes/all/GCA/001/625/215/GCA_001625215.2_DH1_v3.0/GCA_001625215.2_DH1_v3.0_genomic.gff.gz	https://ftp.ncbi.nlm.nih.gov/genomes/all/GCA/001/625/215/GCA_001625215.2_DH1_v3.0/GCA_001625215.2_DH1_v3.0_genomic.gtf.gz	Phytozome 暂不下载，仅后续记录可用性
完整：清单、文件、中文 README 都存在	Daucus carota	carrot	GCA_042100155.1	ASM4210015v1	Complete Genome	NCBI GenBank	DH13M14	PRJNA991969	Daucus_carota_GCA_042100155.1	yes	yes	yes	yes	yes	0	128313851	5639555	6368635	140326543	Daucus_carota_GCA_042100155.1/genome/GCA_042100155.1_ASM4210015v1_genomic.fna.gz	Daucus_carota_GCA_042100155.1/annotation/GCA_042100155.1_ASM4210015v1_genomic.gff.gz	Daucus_carota_GCA_042100155.1/annotation/GCA_042100155.1_ASM4210015v1_genomic.gtf.gz	https://ftp.ncbi.nlm.nih.gov/genomes/all/GCA/042/100/155/GCA_042100155.1_ASM4210015v1/GCA_042100155.1_ASM4210015v1_genomic.fna.gz	https://ftp.ncbi.nlm.nih.gov/genomes/all/GCA/042/100/155/GCA_042100155.1_ASM4210015v1/GCA_042100155.1_ASM4210015v1_genomic.gff.gz	https://ftp.ncbi.nlm.nih.gov/genomes/all/GCA/042/100/155/GCA_042100155.1_ASM4210015v1/GCA_042100155.1_ASM4210015v1_genomic.gtf.gz	Phytozome 暂不下载，仅后续记录可用性
完整：清单、文件、中文 README 都存在	Daucus carota	carrot	GCF_001625215.2	DH1 v3.0	Chromosome	NCBI RefSeq		PRJNA1062368	Daucus_carota_GCF_001625215.2	yes	yes	yes	yes	yes	0	128963520	11852410	11095499	151915796	Daucus_carota_GCF_001625215.2/genome/GCF_001625215.2_DH1_v3.0_genomic.fna.gz	Daucus_carota_GCF_001625215.2/annotation/GCF_001625215.2_DH1_v3.0_genomic.gff.gz	Daucus_carota_GCF_001625215.2/annotation/GCF_001625215.2_DH1_v3.0_genomic.gtf.gz	https://ftp.ncbi.nlm.nih.gov/genomes/all/GCF/001/625/215/GCF_001625215.2_DH1_v3.0/GCF_001625215.2_DH1_v3.0_genomic.fna.gz	https://ftp.ncbi.nlm.nih.gov/genomes/all/GCF/001/625/215/GCF_001625215.2_DH1_v3.0/GCF_001625215.2_DH1_v3.0_genomic.gff.gz	https://ftp.ncbi.nlm.nih.gov/genomes/all/GCF/001/625/215/GCF_001625215.2_DH1_v3.0/GCF_001625215.2_DH1_v3.0_genomic.gtf.gz	Phytozome 暂不下载，仅后续记录可用性
完整：清单、文件、中文 README 都存在	Glycine max	soybean	GCA_012273815.2	GmBRS537.a1.v2	Chromosome	NCBI GenBank	EMBRAPA BRS 537	PRJNA603670	Glycine_max_GCA_012273815.2	yes	yes	yes	yes	yes	0	300179953	14188859	14452898	328826237	Glycine_max_GCA_012273815.2/genome/GCA_012273815.2_GmBRS537.a1.v2_genomic.fna.gz	Glycine_max_GCA_012273815.2/annotation/GCA_012273815.2_GmBRS537.a1.v2_genomic.gff.gz	Glycine_max_GCA_012273815.2/annotation/GCA_012273815.2_GmBRS537.a1.v2_genomic.gtf.gz	https://ftp.ncbi.nlm.nih.gov/genomes/all/GCA/012/273/815/GCA_012273815.2_GmBRS537.a1.v2/GCA_012273815.2_GmBRS537.a1.v2_genomic.fna.gz	https://ftp.ncbi.nlm.nih.gov/genomes/all/GCA/012/273/815/GCA_012273815.2_GmBRS537.a1.v2/GCA_012273815.2_GmBRS537.a1.v2_genomic.gff.gz	https://ftp.ncbi.nlm.nih.gov/genomes/all/GCA/012/273/815/GCA_012273815.2_GmBRS537.a1.v2/GCA_012273815.2_GmBRS537.a1.v2_genomic.gtf.gz	Phytozome 暂不下载，仅后续记录可用性
完整：清单、文件、中文 README 都存在	Glycine max	soybean	GCA_014282035.1	WHFS_GmWF7_1.0	Chromosome	NCBI GenBank	Wenfeng 7	PRJNA561626	Glycine_max_GCA_014282035.1	yes	yes	yes	yes	yes	0	302982713	7239603	7907617	318134452	Glycine_max_GCA_014282035.1/genome/GCA_014282035.1_WHFS_GmWF7_1.0_genomic.fna.gz	Glycine_max_GCA_014282035.1/annotation/GCA_014282035.1_WHFS_GmWF7_1.0_genomic.gff.gz	Glycine_max_GCA_014282035.1/annotation/GCA_014282035.1_WHFS_GmWF7_1.0_genomic.gtf.gz	https://ftp.ncbi.nlm.nih.gov/genomes/all/GCA/014/282/035/GCA_014282035.1_WHFS_GmWF7_1.0/GCA_014282035.1_WHFS_GmWF7_1.0_genomic.fna.gz	https://ftp.ncbi.nlm.nih.gov/genomes/all/GCA/014/282/035/GCA_014282035.1_WHFS_GmWF7_1.0/GCA_014282035.1_WHFS_GmWF7_1.0_genomic.gff.gz	https://ftp.ncbi.nlm.nih.gov/genomes/all/GCA/014/282/035/GCA_014282035.1_WHFS_GmWF7_1.0/GCA_014282035.1_WHFS_GmWF7_1.0_genomic.gtf.gz	Phytozome 暂不下载，仅后续记录可用性
完整：清单、文件、中文 README 都存在	Glycine max	soybean	GCA_014282085.1	WHFS_GmZH13_1.0	Chromosome	NCBI GenBank	Zhonghuang 13	PRJNA561626	Glycine_max_GCA_014282085.1	yes	yes	yes	yes	yes	0	300880230	4741594	5190338	310816714	Glycine_max_GCA_014282085.1/genome/GCA_014282085.1_WHFS_GmZH13_1.0_genomic.fna.gz	Glycine_max_GCA_014282085.1/annotation/GCA_014282085.1_WHFS_GmZH13_1.0_genomic.gff.gz	Glycine_max_GCA_014282085.1/annotation/GCA_014282085.1_WHFS_GmZH13_1.0_genomic.gtf.gz	https://ftp.ncbi.nlm.nih.gov/genomes/all/GCA/014/282/085/GCA_014282085.1_WHFS_GmZH13_1.0/GCA_014282085.1_WHFS_GmZH13_1.0_genomic.fna.gz	https://ftp.ncbi.nlm.nih.gov/genomes/all/GCA/014/282/085/GCA_014282085.1_WHFS_GmZH13_1.0/GCA_014282085.1_WHFS_GmZH13_1.0_genomic.gff.gz	https://ftp.ncbi.nlm.nih.gov/genomes/all/GCA/014/282/085/GCA_014282085.1_WHFS_GmZH13_1.0/GCA_014282085.1_WHFS_GmZH13_1.0_genomic.gtf.gz	Phytozome 暂不下载，仅后续记录可用性
完整：清单、文件、中文 README 都存在	Glycine max	soybean	GCA_014282095.1	WHFS_GmJY_1.0	Chromosome	NCBI GenBank	Jinyuan	PRJNA561626	Glycine_max_GCA_014282095.1	yes	yes	yes	yes	yes	0	302590259	8952814	9681964	321229525	Glycine_max_GCA_014282095.1/genome/GCA_014282095.1_WHFS_GmJY_1.0_genomic.fna.gz	Glycine_max_GCA_014282095.1/annotation/GCA_014282095.1_WHFS_GmJY_1.0_genomic.gff.gz	Glycine_max_GCA_014282095.1/annotation/GCA_014282095.1_WHFS_GmJY_1.0_genomic.gtf.gz	https://ftp.ncbi.nlm.nih.gov/genomes/all/GCA/014/282/095/GCA_014282095.1_WHFS_GmJY_1.0/GCA_014282095.1_WHFS_GmJY_1.0_genomic.fna.gz	https://ftp.ncbi.nlm.nih.gov/genomes/all/GCA/014/282/095/GCA_014282095.1_WHFS_GmJY_1.0/GCA_014282095.1_WHFS_GmJY_1.0_genomic.gff.gz	https://ftp.ncbi.nlm.nih.gov/genomes/all/GCA/014/282/095/GCA_014282095.1_WHFS_GmJY_1.0/GCA_014282095.1_WHFS_GmJY_1.0_genomic.gtf.gz	Phytozome 暂不下载，仅后续记录可用性
完整：清单、文件、中文 README 都存在	Glycine max	soybean	GCA_014282145.1	WHFS_GmHX3_1.0	Chromosome	NCBI GenBank	Huaxia 3	PRJNA561626	Glycine_max_GCA_014282145.1	yes	yes	yes	yes	yes	0	301182422	8964316	9788921	319940177	Glycine_max_GCA_014282145.1/genome/GCA_014282145.1_WHFS_GmHX3_1.0_genomic.fna.gz	Glycine_max_GCA_014282145.1/annotation/GCA_014282145.1_WHFS_GmHX3_1.0_genomic.gff.gz	Glycine_max_GCA_014282145.1/annotation/GCA_014282145.1_WHFS_GmHX3_1.0_genomic.gtf.gz	https://ftp.ncbi.nlm.nih.gov/genomes/all/GCA/014/282/145/GCA_014282145.1_WHFS_GmHX3_1.0/GCA_014282145.1_WHFS_GmHX3_1.0_genomic.fna.gz	https://ftp.ncbi.nlm.nih.gov/genomes/all/GCA/014/282/145/GCA_014282145.1_WHFS_GmHX3_1.0/GCA_014282145.1_WHFS_GmHX3_1.0_genomic.gff.gz	https://ftp.ncbi.nlm.nih.gov/genomes/all/GCA/014/282/145/GCA_014282145.1_WHFS_GmHX3_1.0/GCA_014282145.1_WHFS_GmHX3_1.0_genomic.gtf.gz	Phytozome 暂不下载，仅后续记录可用性
完整：清单、文件、中文 README 都存在	Glycine max	soybean	GCA_020497155.1	ASM2049715v1	Chromosome	NCBI GenBank	Hwangkeum	PRJNA628825	Glycine_max_GCA_020497155.1	yes	yes	yes	yes	yes	0	290619391	17587847	19018643	327230344	Glycine_max_GCA_020497155.1/genome/GCA_020497155.1_ASM2049715v1_genomic.fna.gz	Glycine_max_GCA_020497155.1/annotation/GCA_020497155.1_ASM2049715v1_genomic.gff.gz	Glycine_max_GCA_020497155.1/annotation/GCA_020497155.1_ASM2049715v1_genomic.gtf.gz	https://ftp.ncbi.nlm.nih.gov/genomes/all/GCA/020/497/155/GCA_020497155.1_ASM2049715v1/GCA_020497155.1_ASM2049715v1_genomic.fna.gz	https://ftp.ncbi.nlm.nih.gov/genomes/all/GCA/020/497/155/GCA_020497155.1_ASM2049715v1/GCA_020497155.1_ASM2049715v1_genomic.gff.gz	https://ftp.ncbi.nlm.nih.gov/genomes/all/GCA/020/497/155/GCA_020497155.1_ASM2049715v1/GCA_020497155.1_ASM2049715v1_genomic.gtf.gz	Phytozome 暂不下载，仅后续记录可用性
完整：清单、文件、中文 README 都存在	Glycine max	soybean	GCA_043381025.1	GmaxWilliams82ISU01 v2.0	Chromosome	NCBI GenBank	Wm82-ISU-01	PRJNA1107525	Glycine_max_GCA_043381025.1	yes	yes	yes	yes	yes	0	302529736	15206535	15532647	333273732	Glycine_max_GCA_043381025.1/genome/GCA_043381025.1_GmaxWilliams82ISU01_v2.0_genomic.fna.gz	Glycine_max_GCA_043381025.1/annotation/GCA_043381025.1_GmaxWilliams82ISU01_v2.0_genomic.gff.gz	Glycine_max_GCA_043381025.1/annotation/GCA_043381025.1_GmaxWilliams82ISU01_v2.0_genomic.gtf.gz	https://ftp.ncbi.nlm.nih.gov/genomes/all/GCA/043/381/025/GCA_043381025.1_GmaxWilliams82ISU01_v2.0/GCA_043381025.1_GmaxWilliams82ISU01_v2.0_genomic.fna.gz	https://ftp.ncbi.nlm.nih.gov/genomes/all/GCA/043/381/025/GCA_043381025.1_GmaxWilliams82ISU01_v2.0/GCA_043381025.1_GmaxWilliams82ISU01_v2.0_genomic.gff.gz	https://ftp.ncbi.nlm.nih.gov/genomes/all/GCA/043/381/025/GCA_043381025.1_GmaxWilliams82ISU01_v2.0/GCA_043381025.1_GmaxWilliams82ISU01_v2.0_genomic.gtf.gz	Phytozome 暂不下载，仅后续记录可用性
完整：清单、文件、中文 README 都存在	Glycine max	soybean	GCA_044510105.1	GmaxFiskeby v1.0	Chromosome	NCBI GenBank	strain=Fiskeby III, /PI 438471	PRJNA1107527	Glycine_max_GCA_044510105.1	yes	yes	yes	yes	yes	0	303227646	17704227	17933721	338870195	Glycine_max_GCA_044510105.1/genome/GCA_044510105.1_GmaxFiskeby_v1.0_genomic.fna.gz	Glycine_max_GCA_044510105.1/annotation/GCA_044510105.1_GmaxFiskeby_v1.0_genomic.gff.gz	Glycine_max_GCA_044510105.1/annotation/GCA_044510105.1_GmaxFiskeby_v1.0_genomic.gtf.gz	https://ftp.ncbi.nlm.nih.gov/genomes/all/GCA/044/510/105/GCA_044510105.1_GmaxFiskeby_v1.0/GCA_044510105.1_GmaxFiskeby_v1.0_genomic.fna.gz	https://ftp.ncbi.nlm.nih.gov/genomes/all/GCA/044/510/105/GCA_044510105.1_GmaxFiskeby_v1.0/GCA_044510105.1_GmaxFiskeby_v1.0_genomic.gff.gz	https://ftp.ncbi.nlm.nih.gov/genomes/all/GCA/044/510/105/GCA_044510105.1_GmaxFiskeby_v1.0/GCA_044510105.1_GmaxFiskeby_v1.0_genomic.gtf.gz	Phytozome 暂不下载，仅后续记录可用性
完整：清单、文件、中文 README 都存在	Glycine max	soybean	GCF_000004515.6	Glycine_max_v4.0	Chromosome	NCBI RefSeq	Williams 82	PRJNA48389	Glycine_max_GCF_000004515.6	yes	yes	yes	yes	yes	0	295711743	19189501	19491373	334397194	Glycine_max_GCF_000004515.6/genome/GCF_000004515.6_Glycine_max_v4.0_genomic.fna.gz	Glycine_max_GCF_000004515.6/annotation/GCF_000004515.6_Glycine_max_v4.0_genomic.gff.gz	Glycine_max_GCF_000004515.6/annotation/GCF_000004515.6_Glycine_max_v4.0_genomic.gtf.gz	https://ftp.ncbi.nlm.nih.gov/genomes/all/GCF/000/004/515/GCF_000004515.6_Glycine_max_v4.0/GCF_000004515.6_Glycine_max_v4.0_genomic.fna.gz	https://ftp.ncbi.nlm.nih.gov/genomes/all/GCF/000/004/515/GCF_000004515.6_Glycine_max_v4.0/GCF_000004515.6_Glycine_max_v4.0_genomic.gff.gz	https://ftp.ncbi.nlm.nih.gov/genomes/all/GCF/000/004/515/GCF_000004515.6_Glycine_max_v4.0/GCF_000004515.6_Glycine_max_v4.0_genomic.gtf.gz	Phytozome 暂不下载，仅后续记录可用性
完整：清单、文件、中文 README 都存在	Gossypium hirsutum	upland cotton	GCA_038405125.1	GhirsutumCSX8308 v1.0	Chromosome	NCBI GenBank	CSX8308; Siokra 250	PRJNA1071076	Gossypium_hirsutum_GCA_038405125.1	yes	yes	yes	yes	yes	0	702164213	21094521	19777745	743041267	Gossypium_hirsutum_GCA_038405125.1/genome/GCA_038405125.1_GhirsutumCSX8308_v1.0_genomic.fna.gz	Gossypium_hirsutum_GCA_038405125.1/annotation/GCA_038405125.1_GhirsutumCSX8308_v1.0_genomic.gff.gz	Gossypium_hirsutum_GCA_038405125.1/annotation/GCA_038405125.1_GhirsutumCSX8308_v1.0_genomic.gtf.gz	https://ftp.ncbi.nlm.nih.gov/genomes/all/GCA/038/405/125/GCA_038405125.1_GhirsutumCSX8308_v1.0/GCA_038405125.1_GhirsutumCSX8308_v1.0_genomic.fna.gz	https://ftp.ncbi.nlm.nih.gov/genomes/all/GCA/038/405/125/GCA_038405125.1_GhirsutumCSX8308_v1.0/GCA_038405125.1_GhirsutumCSX8308_v1.0_genomic.gff.gz	https://ftp.ncbi.nlm.nih.gov/genomes/all/GCA/038/405/125/GCA_038405125.1_GhirsutumCSX8308_v1.0/GCA_038405125.1_GhirsutumCSX8308_v1.0_genomic.gtf.gz	Phytozome 暂不下载，仅后续记录可用性
完整：清单、文件、中文 README 都存在	Gossypium hirsutum	upland cotton	GCA_040938325.1	GhirsutumUG48 v1.0	Chromosome	NCBI GenBank	UA48; PI 660508	PRJNA1071075	Gossypium_hirsutum_GCA_040938325.1	yes	yes	yes	yes	yes	0	707246728	21125495	21145082	749522002	Gossypium_hirsutum_GCA_040938325.1/genome/GCA_040938325.1_GhirsutumUG48_v1.0_genomic.fna.gz	Gossypium_hirsutum_GCA_040938325.1/annotation/GCA_040938325.1_GhirsutumUG48_v1.0_genomic.gff.gz	Gossypium_hirsutum_GCA_040938325.1/annotation/GCA_040938325.1_GhirsutumUG48_v1.0_genomic.gtf.gz	https://ftp.ncbi.nlm.nih.gov/genomes/all/GCA/040/938/325/GCA_040938325.1_GhirsutumUG48_v1.0/GCA_040938325.1_GhirsutumUG48_v1.0_genomic.fna.gz	https://ftp.ncbi.nlm.nih.gov/genomes/all/GCA/040/938/325/GCA_040938325.1_GhirsutumUG48_v1.0/GCA_040938325.1_GhirsutumUG48_v1.0_genomic.gff.gz	https://ftp.ncbi.nlm.nih.gov/genomes/all/GCA/040/938/325/GCA_040938325.1_GhirsutumUG48_v1.0/GCA_040938325.1_GhirsutumUG48_v1.0_genomic.gtf.gz	Phytozome 暂不下载，仅后续记录可用性
完整：清单、文件、中文 README 都存在	Gossypium hirsutum	upland cotton	GCF_007990345.1	Gossypium_hirsutum_v2.1	Chromosome	NCBI RefSeq	1008001.06	PRJNA713846	Gossypium_hirsutum_GCF_007990345.1	yes	yes	yes	yes	yes	0	708607260	29652802	29579774	767844669	Gossypium_hirsutum_GCF_007990345.1/genome/GCF_007990345.1_Gossypium_hirsutum_v2.1_genomic.fna.gz	Gossypium_hirsutum_GCF_007990345.1/annotation/GCF_007990345.1_Gossypium_hirsutum_v2.1_genomic.gff.gz	Gossypium_hirsutum_GCF_007990345.1/annotation/GCF_007990345.1_Gossypium_hirsutum_v2.1_genomic.gtf.gz	https://ftp.ncbi.nlm.nih.gov/genomes/all/GCF/007/990/345/GCF_007990345.1_Gossypium_hirsutum_v2.1/GCF_007990345.1_Gossypium_hirsutum_v2.1_genomic.fna.gz	https://ftp.ncbi.nlm.nih.gov/genomes/all/GCF/007/990/345/GCF_007990345.1_Gossypium_hirsutum_v2.1/GCF_007990345.1_Gossypium_hirsutum_v2.1_genomic.gff.gz	https://ftp.ncbi.nlm.nih.gov/genomes/all/GCF/007/990/345/GCF_007990345.1_Gossypium_hirsutum_v2.1/GCF_007990345.1_Gossypium_hirsutum_v2.1_genomic.gtf.gz	Phytozome 暂不下载，仅后续记录可用性
完整：清单、文件、中文 README 都存在	Helianthus annuus	sunflower	GCA_026538245.1	HanHA89r1.0-20210811	Chromosome	NCBI GenBank	HA89	PRJNA841465	Helianthus_annuus_GCA_026538245.1	yes	yes	yes	yes	yes	0	889918286	13614185	13172894	916710112	Helianthus_annuus_GCA_026538245.1/genome/GCA_026538245.1_HanHA89r1.0-20210811_genomic.fna.gz	Helianthus_annuus_GCA_026538245.1/annotation/GCA_026538245.1_HanHA89r1.0-20210811_genomic.gff.gz	Helianthus_annuus_GCA_026538245.1/annotation/GCA_026538245.1_HanHA89r1.0-20210811_genomic.gtf.gz	https://ftp.ncbi.nlm.nih.gov/genomes/all/GCA/026/538/245/GCA_026538245.1_HanHA89r1.0-20210811/GCA_026538245.1_HanHA89r1.0-20210811_genomic.fna.gz	https://ftp.ncbi.nlm.nih.gov/genomes/all/GCA/026/538/245/GCA_026538245.1_HanHA89r1.0-20210811/GCA_026538245.1_HanHA89r1.0-20210811_genomic.gff.gz	https://ftp.ncbi.nlm.nih.gov/genomes/all/GCA/026/538/245/GCA_026538245.1_HanHA89r1.0-20210811/GCA_026538245.1_HanHA89r1.0-20210811_genomic.gtf.gz	Phytozome 暂不下载，仅后续记录可用性
完整：清单、文件、中文 README 都存在	Helianthus annuus	sunflower	GCA_026538285.1	ASM2653828v1	Chromosome	NCBI GenBank	HA300	PRJNA839933	Helianthus_annuus_GCA_026538285.1	yes	yes	yes	yes	yes	0	895265480	13309619	13005247	921584862	Helianthus_annuus_GCA_026538285.1/genome/GCA_026538285.1_ASM2653828v1_genomic.fna.gz	Helianthus_annuus_GCA_026538285.1/annotation/GCA_026538285.1_ASM2653828v1_genomic.gff.gz	Helianthus_annuus_GCA_026538285.1/annotation/GCA_026538285.1_ASM2653828v1_genomic.gtf.gz	https://ftp.ncbi.nlm.nih.gov/genomes/all/GCA/026/538/285/GCA_026538285.1_ASM2653828v1/GCA_026538285.1_ASM2653828v1_genomic.fna.gz	https://ftp.ncbi.nlm.nih.gov/genomes/all/GCA/026/538/285/GCA_026538285.1_ASM2653828v1/GCA_026538285.1_ASM2653828v1_genomic.gff.gz	https://ftp.ncbi.nlm.nih.gov/genomes/all/GCA/026/538/285/GCA_026538285.1_ASM2653828v1/GCA_026538285.1_ASM2653828v1_genomic.gtf.gz	Phytozome 暂不下载，仅后续记录可用性
完整：清单、文件、中文 README 都存在	Helianthus annuus	sunflower	GCA_026651665.1	HanOQP8r0.9-20211025	Chromosome	NCBI GenBank	OQP8	PRJNA840589	Helianthus_annuus_GCA_026651665.1	yes	yes	yes	yes	yes	0	922755978	12488360	12463973	947713058	Helianthus_annuus_GCA_026651665.1/genome/GCA_026651665.1_HanOQP8r0.9-20211025_genomic.fna.gz	Helianthus_annuus_GCA_026651665.1/annotation/GCA_026651665.1_HanOQP8r0.9-20211025_genomic.gff.gz	Helianthus_annuus_GCA_026651665.1/annotation/GCA_026651665.1_HanOQP8r0.9-20211025_genomic.gtf.gz	https://ftp.ncbi.nlm.nih.gov/genomes/all/GCA/026/651/665/GCA_026651665.1_HanOQP8r0.9-20211025/GCA_026651665.1_HanOQP8r0.9-20211025_genomic.fna.gz	https://ftp.ncbi.nlm.nih.gov/genomes/all/GCA/026/651/665/GCA_026651665.1_HanOQP8r0.9-20211025/GCA_026651665.1_HanOQP8r0.9-20211025_genomic.gff.gz	https://ftp.ncbi.nlm.nih.gov/genomes/all/GCA/026/651/665/GCA_026651665.1_HanOQP8r0.9-20211025/GCA_026651665.1_HanOQP8r0.9-20211025_genomic.gtf.gz	Phytozome 暂不下载，仅后续记录可用性
完整：清单、文件、中文 README 都存在	Helianthus annuus	sunflower	GCA_026651675.1	HanLR1r0.9-20211115	Chromosome	NCBI GenBank	LR1	PRJNA841497	Helianthus_annuus_GCA_026651675.1	yes	yes	yes	yes	yes	0	934439514	13732422	13473637	961650290	Helianthus_annuus_GCA_026651675.1/genome/GCA_026651675.1_HanLR1r0.9-20211115_genomic.fna.gz	Helianthus_annuus_GCA_026651675.1/annotation/GCA_026651675.1_HanLR1r0.9-20211115_genomic.gff.gz	Helianthus_annuus_GCA_026651675.1/annotation/GCA_026651675.1_HanLR1r0.9-20211115_genomic.gtf.gz	https://ftp.ncbi.nlm.nih.gov/genomes/all/GCA/026/651/675/GCA_026651675.1_HanLR1r0.9-20211115/GCA_026651675.1_HanLR1r0.9-20211115_genomic.fna.gz	https://ftp.ncbi.nlm.nih.gov/genomes/all/GCA/026/651/675/GCA_026651675.1_HanLR1r0.9-20211115/GCA_026651675.1_HanLR1r0.9-20211115_genomic.gff.gz	https://ftp.ncbi.nlm.nih.gov/genomes/all/GCA/026/651/675/GCA_026651675.1_HanLR1r0.9-20211115/GCA_026651675.1_HanLR1r0.9-20211115_genomic.gtf.gz	Phytozome 暂不下载，仅后续记录可用性
完整：清单、文件、中文 README 都存在	Helianthus annuus	sunflower	GCA_026651695.1	HanIRr1.0-20201123	Chromosome	NCBI GenBank	IR	PRJNA841479	Helianthus_annuus_GCA_026651695.1	yes	yes	yes	yes	yes	0	904174462	16228870	15250960	935658979	Helianthus_annuus_GCA_026651695.1/genome/GCA_026651695.1_HanIRr1.0-20201123_genomic.fna.gz	Helianthus_annuus_GCA_026651695.1/annotation/GCA_026651695.1_HanIRr1.0-20201123_genomic.gff.gz	Helianthus_annuus_GCA_026651695.1/annotation/GCA_026651695.1_HanIRr1.0-20201123_genomic.gtf.gz	https://ftp.ncbi.nlm.nih.gov/genomes/all/GCA/026/651/695/GCA_026651695.1_HanIRr1.0-20201123/GCA_026651695.1_HanIRr1.0-20201123_genomic.fna.gz	https://ftp.ncbi.nlm.nih.gov/genomes/all/GCA/026/651/695/GCA_026651695.1_HanIRr1.0-20201123/GCA_026651695.1_HanIRr1.0-20201123_genomic.gff.gz	https://ftp.ncbi.nlm.nih.gov/genomes/all/GCA/026/651/695/GCA_026651695.1_HanIRr1.0-20201123/GCA_026651695.1_HanIRr1.0-20201123_genomic.gtf.gz	Phytozome 暂不下载，仅后续记录可用性
完整：清单、文件、中文 README 都存在	Helianthus annuus	sunflower	GCA_026651735.1	HanPSC8r1.0-20181105	Chromosome	NCBI GenBank	psc8	PRJNA843602	Helianthus_annuus_GCA_026651735.1	yes	yes	yes	yes	yes	0	835727369	14210757	13723571	863666444	Helianthus_annuus_GCA_026651735.1/genome/GCA_026651735.1_HanPSC8r1.0-20181105_genomic.fna.gz	Helianthus_annuus_GCA_026651735.1/annotation/GCA_026651735.1_HanPSC8r1.0-20181105_genomic.gff.gz	Helianthus_annuus_GCA_026651735.1/annotation/GCA_026651735.1_HanPSC8r1.0-20181105_genomic.gtf.gz	https://ftp.ncbi.nlm.nih.gov/genomes/all/GCA/026/651/735/GCA_026651735.1_HanPSC8r1.0-20181105/GCA_026651735.1_HanPSC8r1.0-20181105_genomic.fna.gz	https://ftp.ncbi.nlm.nih.gov/genomes/all/GCA/026/651/735/GCA_026651735.1_HanPSC8r1.0-20181105/GCA_026651735.1_HanPSC8r1.0-20181105_genomic.gff.gz	https://ftp.ncbi.nlm.nih.gov/genomes/all/GCA/026/651/735/GCA_026651735.1_HanPSC8r1.0-20181105/GCA_026651735.1_HanPSC8r1.0-20181105_genomic.gtf.gz	Phytozome 暂不下载，仅后续记录可用性
完整：清单、文件、中文 README 都存在	Helianthus annuus	sunflower	GCA_026651805.1	HanRHA438r1.0-20201123	Chromosome	NCBI GenBank	RHA438	PRJNA843976	Helianthus_annuus_GCA_026651805.1	yes	yes	yes	yes	yes	0	913083917	15610571	14690814	943390109	Helianthus_annuus_GCA_026651805.1/genome/GCA_026651805.1_HanRHA438r1.0-20201123_genomic.fna.gz	Helianthus_annuus_GCA_026651805.1/annotation/GCA_026651805.1_HanRHA438r1.0-20201123_genomic.gff.gz	Helianthus_annuus_GCA_026651805.1/annotation/GCA_026651805.1_HanRHA438r1.0-20201123_genomic.gtf.gz	https://ftp.ncbi.nlm.nih.gov/genomes/all/GCA/026/651/805/GCA_026651805.1_HanRHA438r1.0-20201123/GCA_026651805.1_HanRHA438r1.0-20201123_genomic.fna.gz	https://ftp.ncbi.nlm.nih.gov/genomes/all/GCA/026/651/805/GCA_026651805.1_HanRHA438r1.0-20201123/GCA_026651805.1_HanRHA438r1.0-20201123_genomic.gff.gz	https://ftp.ncbi.nlm.nih.gov/genomes/all/GCA/026/651/805/GCA_026651805.1_HanRHA438r1.0-20201123/GCA_026651805.1_HanRHA438r1.0-20201123_genomic.gtf.gz	Phytozome 暂不下载，仅后续记录可用性
完整：清单、文件、中文 README 都存在	Helianthus annuus	sunflower	GCA_026652165.1	HanPI659440r1.0-20210824	Chromosome	NCBI GenBank	PI659440	PRJNA841575	Helianthus_annuus_GCA_026652165.1	yes	yes	yes	yes	yes	0	920776790	13118347	12783481	946683485	Helianthus_annuus_GCA_026652165.1/genome/GCA_026652165.1_HanPI659440r1.0-20210824_genomic.fna.gz	Helianthus_annuus_GCA_026652165.1/annotation/GCA_026652165.1_HanPI659440r1.0-20210824_genomic.gff.gz	Helianthus_annuus_GCA_026652165.1/annotation/GCA_026652165.1_HanPI659440r1.0-20210824_genomic.gtf.gz	https://ftp.ncbi.nlm.nih.gov/genomes/all/GCA/026/652/165/GCA_026652165.1_HanPI659440r1.0-20210824/GCA_026652165.1_HanPI659440r1.0-20210824_genomic.fna.gz	https://ftp.ncbi.nlm.nih.gov/genomes/all/GCA/026/652/165/GCA_026652165.1_HanPI659440r1.0-20210824/GCA_026652165.1_HanPI659440r1.0-20210824_genomic.gff.gz	https://ftp.ncbi.nlm.nih.gov/genomes/all/GCA/026/652/165/GCA_026652165.1_HanPI659440r1.0-20210824/GCA_026652165.1_HanPI659440r1.0-20210824_genomic.gtf.gz	Phytozome 暂不下载，仅后续记录可用性
完整：清单、文件、中文 README 都存在	Helianthus annuus	sunflower	GCF_002127325.2	HanXRQr2.0-SUNRISE	Chromosome	NCBI RefSeq	XRQ/B	PRJNA396063	Helianthus_annuus_GCF_002127325.2	yes	yes	yes	yes	yes	0	880955434	22005513	20556788	923522422	Helianthus_annuus_GCF_002127325.2/genome/GCF_002127325.2_HanXRQr2.0-SUNRISE_genomic.fna.gz	Helianthus_annuus_GCF_002127325.2/annotation/GCF_002127325.2_HanXRQr2.0-SUNRISE_genomic.gff.gz	Helianthus_annuus_GCF_002127325.2/annotation/GCF_002127325.2_HanXRQr2.0-SUNRISE_genomic.gtf.gz	https://ftp.ncbi.nlm.nih.gov/genomes/all/GCF/002/127/325/GCF_002127325.2_HanXRQr2.0-SUNRISE/GCF_002127325.2_HanXRQr2.0-SUNRISE_genomic.fna.gz	https://ftp.ncbi.nlm.nih.gov/genomes/all/GCF/002/127/325/GCF_002127325.2_HanXRQr2.0-SUNRISE/GCF_002127325.2_HanXRQr2.0-SUNRISE_genomic.gff.gz	https://ftp.ncbi.nlm.nih.gov/genomes/all/GCF/002/127/325/GCF_002127325.2_HanXRQr2.0-SUNRISE/GCF_002127325.2_HanXRQr2.0-SUNRISE_genomic.gtf.gz	Phytozome 暂不下载，仅后续记录可用性
基本完整：文件存在，但清单或 README 需要复核	Hordeum vulgare	barley	GCA_000326085.1	ASM32608v1	Scaffold	NCBI GenBank	Morex	PRJEB86	Hordeum_vulgare_GCA_000326085.1	yes	yes	no	no	no	0	647840543	123183390	0	771025368	Hordeum_vulgare_GCA_000326085.1/genome/GCA_000326085.1_ASM32608v1_genomic.fna.gz	Hordeum_vulgare_GCA_000326085.1/annotation/GCA_000326085.1_ASM32608v1_genomic.gff.gz		https://ftp.ncbi.nlm.nih.gov/genomes/all/GCA/000/326/085/GCA_000326085.1_ASM32608v1/GCA_000326085.1_ASM32608v1_genomic.fna.gz	https://ftp.ncbi.nlm.nih.gov/genomes/all/GCA/000/326/085/GCA_000326085.1_ASM32608v1/GCA_000326085.1_ASM32608v1_genomic.gff.gz	https://ftp.ncbi.nlm.nih.gov/genomes/all/GCA/000/326/085/GCA_000326085.1_ASM32608v1/GCA_000326085.1_ASM32608v1_genomic.gtf.gz	Phytozome 暂不下载，仅后续记录可用性
基本完整：文件存在，但清单或 README 需要复核	Hordeum vulgare	barley	GCA_000326125.1	ASM32612v1	Scaffold	NCBI GenBank	Bowman	PRJEB88	Hordeum_vulgare_GCA_000326125.1	yes	yes	no	no	no	0	615762369	86181104	0	701944909	Hordeum_vulgare_GCA_000326125.1/genome/GCA_000326125.1_ASM32612v1_genomic.fna.gz	Hordeum_vulgare_GCA_000326125.1/annotation/GCA_000326125.1_ASM32612v1_genomic.gff.gz		https://ftp.ncbi.nlm.nih.gov/genomes/all/GCA/000/326/125/GCA_000326125.1_ASM32612v1/GCA_000326125.1_ASM32612v1_genomic.fna.gz	https://ftp.ncbi.nlm.nih.gov/genomes/all/GCA/000/326/125/GCA_000326125.1_ASM32612v1/GCA_000326125.1_ASM32612v1_genomic.gff.gz	https://ftp.ncbi.nlm.nih.gov/genomes/all/GCA/000/326/125/GCA_000326125.1_ASM32612v1/GCA_000326125.1_ASM32612v1_genomic.gtf.gz	Phytozome 暂不下载，仅后续记录可用性
基本完整：文件存在，但清单或 README 需要复核	Hordeum vulgare	barley	GCA_002900805.1	ASM290080v1	Scaffold	NCBI GenBank	Barke	PRJEB84	Hordeum_vulgare_GCA_002900805.1	yes	yes	no	no	no	0	694028181	133667420	0	827697046	Hordeum_vulgare_GCA_002900805.1/genome/GCA_002900805.1_ASM290080v1_genomic.fna.gz	Hordeum_vulgare_GCA_002900805.1/annotation/GCA_002900805.1_ASM290080v1_genomic.gff.gz		https://ftp.ncbi.nlm.nih.gov/genomes/all/GCA/002/900/805/GCA_002900805.1_ASM290080v1/GCA_002900805.1_ASM290080v1_genomic.fna.gz	https://ftp.ncbi.nlm.nih.gov/genomes/all/GCA/002/900/805/GCA_002900805.1_ASM290080v1/GCA_002900805.1_ASM290080v1_genomic.gff.gz	https://ftp.ncbi.nlm.nih.gov/genomes/all/GCA/002/900/805/GCA_002900805.1_ASM290080v1/GCA_002900805.1_ASM290080v1_genomic.gtf.gz	Phytozome 暂不下载，仅后续记录可用性
完整：清单、文件、中文 README 都存在	Hordeum vulgare	barley	GCA_004114815.1	Hulless_Barley_ass.V2	Scaffold	NCBI GenBank	Lasa Goumang	PRJNA487965	Hordeum_vulgare_GCA_004114815.1	yes	yes	yes	yes	yes	0	1220904293	8748345	8811418	1238468794	Hordeum_vulgare_GCA_004114815.1/genome/GCA_004114815.1_Hulless_Barley_ass.V2_genomic.fna.gz	Hordeum_vulgare_GCA_004114815.1/annotation/GCA_004114815.1_Hulless_Barley_ass.V2_genomic.gff.gz	Hordeum_vulgare_GCA_004114815.1/annotation/GCA_004114815.1_Hulless_Barley_ass.V2_genomic.gtf.gz	https://ftp.ncbi.nlm.nih.gov/genomes/all/GCA/004/114/815/GCA_004114815.1_Hulless_Barley_ass.V2/GCA_004114815.1_Hulless_Barley_ass.V2_genomic.fna.gz	https://ftp.ncbi.nlm.nih.gov/genomes/all/GCA/004/114/815/GCA_004114815.1_Hulless_Barley_ass.V2/GCA_004114815.1_Hulless_Barley_ass.V2_genomic.gff.gz	https://ftp.ncbi.nlm.nih.gov/genomes/all/GCA/004/114/815/GCA_004114815.1_Hulless_Barley_ass.V2/GCA_004114815.1_Hulless_Barley_ass.V2_genomic.gtf.gz	Phytozome 暂不下载，仅后续记录可用性
完整：清单、文件、中文 README 都存在	Hordeum vulgare	barley	GCA_024137805.1	yangtze university Zhang lab wild barley 1.0	Chromosome	NCBI GenBank	ZWY2020	PRJNA641455	Hordeum_vulgare_GCA_024137805.1	yes	yes	yes	yes	yes	0	1554095833	9041379	9714562	1572857180	Hordeum_vulgare_GCA_024137805.1/genome/GCA_024137805.1_yangtze_university_Zhang_lab_wild_barley_1.0_genomic.fna.gz	Hordeum_vulgare_GCA_024137805.1/annotation/GCA_024137805.1_yangtze_university_Zhang_lab_wild_barley_1.0_genomic.gff.gz	Hordeum_vulgare_GCA_024137805.1/annotation/GCA_024137805.1_yangtze_university_Zhang_lab_wild_barley_1.0_genomic.gtf.gz	https://ftp.ncbi.nlm.nih.gov/genomes/all/GCA/024/137/805/GCA_024137805.1_yangtze_university_Zhang_lab_wild_barley_1.0/GCA_024137805.1_yangtze_university_Zhang_lab_wild_barley_1.0_genomic.fna.gz	https://ftp.ncbi.nlm.nih.gov/genomes/all/GCA/024/137/805/GCA_024137805.1_yangtze_university_Zhang_lab_wild_barley_1.0/GCA_024137805.1_yangtze_university_Zhang_lab_wild_barley_1.0_genomic.gff.gz	https://ftp.ncbi.nlm.nih.gov/genomes/all/GCA/024/137/805/GCA_024137805.1_yangtze_university_Zhang_lab_wild_barley_1.0/GCA_024137805.1_yangtze_university_Zhang_lab_wild_barley_1.0_genomic.gtf.gz	Phytozome 暂不下载，仅后续记录可用性
基本完整：文件存在，但清单或 README 需要复核	Hordeum vulgare	barley	GCA_900075435.2	barley BACs 2	Scaffold	NCBI GenBank		PRJEB13020	Hordeum_vulgare_GCA_900075435.2	yes	yes	no	no	no	0	2946143551	16237090	0	2962382102	Hordeum_vulgare_GCA_900075435.2/genome/GCA_900075435.2_barley_BACs_2_genomic.fna.gz	Hordeum_vulgare_GCA_900075435.2/annotation/GCA_900075435.2_barley_BACs_2_genomic.gff.gz		https://ftp.ncbi.nlm.nih.gov/genomes/all/GCA/900/075/435/GCA_900075435.2_barley_BACs_2/GCA_900075435.2_barley_BACs_2_genomic.fna.gz	https://ftp.ncbi.nlm.nih.gov/genomes/all/GCA/900/075/435/GCA_900075435.2_barley_BACs_2/GCA_900075435.2_barley_BACs_2_genomic.gff.gz	https://ftp.ncbi.nlm.nih.gov/genomes/all/GCA/900/075/435/GCA_900075435.2_barley_BACs_2/GCA_900075435.2_barley_BACs_2_genomic.gtf.gz	Phytozome 暂不下载，仅后续记录可用性
完整：清单、文件、中文 README 都存在	Hordeum vulgare	barley	GCF_904849725.1	MorexV3_pseudomolecules_assembly	Chromosome	NCBI RefSeq		PRJNA774802	Hordeum_vulgare_GCF_904849725.1	yes	yes	yes	yes	yes	0	1274479457	11068096	10215557	1295768166	Hordeum_vulgare_GCF_904849725.1/genome/GCF_904849725.1_MorexV3_pseudomolecules_assembly_genomic.fna.gz	Hordeum_vulgare_GCF_904849725.1/annotation/GCF_904849725.1_MorexV3_pseudomolecules_assembly_genomic.gff.gz	Hordeum_vulgare_GCF_904849725.1/annotation/GCF_904849725.1_MorexV3_pseudomolecules_assembly_genomic.gtf.gz	https://ftp.ncbi.nlm.nih.gov/genomes/all/GCF/904/849/725/GCF_904849725.1_MorexV3_pseudomolecules_assembly/GCF_904849725.1_MorexV3_pseudomolecules_assembly_genomic.fna.gz	https://ftp.ncbi.nlm.nih.gov/genomes/all/GCF/904/849/725/GCF_904849725.1_MorexV3_pseudomolecules_assembly/GCF_904849725.1_MorexV3_pseudomolecules_assembly_genomic.gff.gz	https://ftp.ncbi.nlm.nih.gov/genomes/all/GCF/904/849/725/GCF_904849725.1_MorexV3_pseudomolecules_assembly/GCF_904849725.1_MorexV3_pseudomolecules_assembly_genomic.gtf.gz	Phytozome 暂不下载，仅后续记录可用性
完整：清单、文件、中文 README 都存在	Lactuca sativa	lettuce	GCF_002870075.5	Lsat_Salinas_v15	Complete Genome	NCBI RefSeq	Salinas	PRJNA432228	Lactuca_sativa_GCF_002870075.5	yes	yes	yes	yes	yes	0	788072127	13692789	13638608	815408149	Lactuca_sativa_GCF_002870075.5/genome/GCF_002870075.5_Lsat_Salinas_v15_genomic.fna.gz	Lactuca_sativa_GCF_002870075.5/annotation/GCF_002870075.5_Lsat_Salinas_v15_genomic.gff.gz	Lactuca_sativa_GCF_002870075.5/annotation/GCF_002870075.5_Lsat_Salinas_v15_genomic.gtf.gz	https://ftp.ncbi.nlm.nih.gov/genomes/all/GCF/002/870/075/GCF_002870075.5_Lsat_Salinas_v15/GCF_002870075.5_Lsat_Salinas_v15_genomic.fna.gz	https://ftp.ncbi.nlm.nih.gov/genomes/all/GCF/002/870/075/GCF_002870075.5_Lsat_Salinas_v15/GCF_002870075.5_Lsat_Salinas_v15_genomic.gff.gz	https://ftp.ncbi.nlm.nih.gov/genomes/all/GCF/002/870/075/GCF_002870075.5_Lsat_Salinas_v15/GCF_002870075.5_Lsat_Salinas_v15_genomic.gtf.gz	Phytozome 暂不下载，仅后续记录可用性
完整：清单、文件、中文 README 都存在	Malus domestica	apple	GCA_004115385.1	ASM411538v1	Chromosome	NCBI GenBank	HFTH1	PRJNA482033	Malus_domestica_GCA_004115385.1	yes	yes	yes	yes	yes	0	204636830	7764897	8389024	220795214	Malus_domestica_GCA_004115385.1/genome/GCA_004115385.1_ASM411538v1_genomic.fna.gz	Malus_domestica_GCA_004115385.1/annotation/GCA_004115385.1_ASM411538v1_genomic.gff.gz	Malus_domestica_GCA_004115385.1/annotation/GCA_004115385.1_ASM411538v1_genomic.gtf.gz	https://ftp.ncbi.nlm.nih.gov/genomes/all/GCA/004/115/385/GCA_004115385.1_ASM411538v1/GCA_004115385.1_ASM411538v1_genomic.fna.gz	https://ftp.ncbi.nlm.nih.gov/genomes/all/GCA/004/115/385/GCA_004115385.1_ASM411538v1/GCA_004115385.1_ASM411538v1_genomic.gff.gz	https://ftp.ncbi.nlm.nih.gov/genomes/all/GCA/004/115/385/GCA_004115385.1_ASM411538v1/GCA_004115385.1_ASM411538v1_genomic.gtf.gz	Phytozome 暂不下载，仅后续记录可用性
完整：清单、文件、中文 README 都存在	Malus domestica	apple	GCA_052938515.1	TropicalBeauty_h2	Chromosome	NCBI GenBank	Tropical beauty	PRJNA1168475	Malus_domestica_GCA_052938515.1	yes	yes	yes	yes	yes	0	204269609	8950644	9351638	222576539	Malus_domestica_GCA_052938515.1/genome/GCA_052938515.1_TropicalBeauty_h2_genomic.fna.gz	Malus_domestica_GCA_052938515.1/annotation/GCA_052938515.1_TropicalBeauty_h2_genomic.gff.gz	Malus_domestica_GCA_052938515.1/annotation/GCA_052938515.1_TropicalBeauty_h2_genomic.gtf.gz	https://ftp.ncbi.nlm.nih.gov/genomes/all/GCA/052/938/515/GCA_052938515.1_TropicalBeauty_h2/GCA_052938515.1_TropicalBeauty_h2_genomic.fna.gz	https://ftp.ncbi.nlm.nih.gov/genomes/all/GCA/052/938/515/GCA_052938515.1_TropicalBeauty_h2/GCA_052938515.1_TropicalBeauty_h2_genomic.gff.gz	https://ftp.ncbi.nlm.nih.gov/genomes/all/GCA/052/938/515/GCA_052938515.1_TropicalBeauty_h2/GCA_052938515.1_TropicalBeauty_h2_genomic.gtf.gz	Phytozome 暂不下载，仅后续记录可用性
完整：清单、文件、中文 README 都存在	Malus domestica	apple	GCA_052938535.1	TropicalBeauty_h1	Chromosome	NCBI GenBank	Tropical beauty	PRJNA1168474	Malus_domestica_GCA_052938535.1	yes	yes	yes	yes	yes	0	198136835	8775053	9168791	216085327	Malus_domestica_GCA_052938535.1/genome/GCA_052938535.1_TropicalBeauty_h1_genomic.fna.gz	Malus_domestica_GCA_052938535.1/annotation/GCA_052938535.1_TropicalBeauty_h1_genomic.gff.gz	Malus_domestica_GCA_052938535.1/annotation/GCA_052938535.1_TropicalBeauty_h1_genomic.gtf.gz	https://ftp.ncbi.nlm.nih.gov/genomes/all/GCA/052/938/535/GCA_052938535.1_TropicalBeauty_h1/GCA_052938535.1_TropicalBeauty_h1_genomic.fna.gz	https://ftp.ncbi.nlm.nih.gov/genomes/all/GCA/052/938/535/GCA_052938535.1_TropicalBeauty_h1/GCA_052938535.1_TropicalBeauty_h1_genomic.gff.gz	https://ftp.ncbi.nlm.nih.gov/genomes/all/GCA/052/938/535/GCA_052938535.1_TropicalBeauty_h1/GCA_052938535.1_TropicalBeauty_h1_genomic.gtf.gz	Phytozome 暂不下载，仅后续记录可用性
完整：清单、文件、中文 README 都存在	Malus domestica	apple	GCA_052938555.1	Priscilla_h1	Chromosome	NCBI GenBank	Priscilla	PRJNA1168466	Malus_domestica_GCA_052938555.1	yes	yes	yes	yes	yes	0	203699230	8872372	9276750	221852849	Malus_domestica_GCA_052938555.1/genome/GCA_052938555.1_Priscilla_h1_genomic.fna.gz	Malus_domestica_GCA_052938555.1/annotation/GCA_052938555.1_Priscilla_h1_genomic.gff.gz	Malus_domestica_GCA_052938555.1/annotation/GCA_052938555.1_Priscilla_h1_genomic.gtf.gz	https://ftp.ncbi.nlm.nih.gov/genomes/all/GCA/052/938/555/GCA_052938555.1_Priscilla_h1/GCA_052938555.1_Priscilla_h1_genomic.fna.gz	https://ftp.ncbi.nlm.nih.gov/genomes/all/GCA/052/938/555/GCA_052938555.1_Priscilla_h1/GCA_052938555.1_Priscilla_h1_genomic.gff.gz	https://ftp.ncbi.nlm.nih.gov/genomes/all/GCA/052/938/555/GCA_052938555.1_Priscilla_h1/GCA_052938555.1_Priscilla_h1_genomic.gtf.gz	Phytozome 暂不下载，仅后续记录可用性
完整：清单、文件、中文 README 都存在	Malus domestica	apple	GCA_052938575.1	Priscilla_h2	Chromosome	NCBI GenBank	Priscilla	PRJNA1168467	Malus_domestica_GCA_052938575.1	yes	yes	yes	yes	yes	0	198888667	8864576	9261481	217019221	Malus_domestica_GCA_052938575.1/genome/GCA_052938575.1_Priscilla_h2_genomic.fna.gz	Malus_domestica_GCA_052938575.1/annotation/GCA_052938575.1_Priscilla_h2_genomic.gff.gz	Malus_domestica_GCA_052938575.1/annotation/GCA_052938575.1_Priscilla_h2_genomic.gtf.gz	https://ftp.ncbi.nlm.nih.gov/genomes/all/GCA/052/938/575/GCA_052938575.1_Priscilla_h2/GCA_052938575.1_Priscilla_h2_genomic.fna.gz	https://ftp.ncbi.nlm.nih.gov/genomes/all/GCA/052/938/575/GCA_052938575.1_Priscilla_h2/GCA_052938575.1_Priscilla_h2_genomic.gff.gz	https://ftp.ncbi.nlm.nih.gov/genomes/all/GCA/052/938/575/GCA_052938575.1_Priscilla_h2/GCA_052938575.1_Priscilla_h2_genomic.gtf.gz	Phytozome 暂不下载，仅后续记录可用性
完整：清单、文件、中文 README 都存在	Malus domestica	apple	GCA_052938595.1	EdwardVII_h1	Chromosome	NCBI GenBank	Edward VII	PRJNA1168421	Malus_domestica_GCA_052938595.1	yes	yes	yes	yes	yes	0	202769071	8900892	9300900	220975361	Malus_domestica_GCA_052938595.1/genome/GCA_052938595.1_EdwardVII_h1_genomic.fna.gz	Malus_domestica_GCA_052938595.1/annotation/GCA_052938595.1_EdwardVII_h1_genomic.gff.gz	Malus_domestica_GCA_052938595.1/annotation/GCA_052938595.1_EdwardVII_h1_genomic.gtf.gz	https://ftp.ncbi.nlm.nih.gov/genomes/all/GCA/052/938/595/GCA_052938595.1_EdwardVII_h1/GCA_052938595.1_EdwardVII_h1_genomic.fna.gz	https://ftp.ncbi.nlm.nih.gov/genomes/all/GCA/052/938/595/GCA_052938595.1_EdwardVII_h1/GCA_052938595.1_EdwardVII_h1_genomic.gff.gz	https://ftp.ncbi.nlm.nih.gov/genomes/all/GCA/052/938/595/GCA_052938595.1_EdwardVII_h1/GCA_052938595.1_EdwardVII_h1_genomic.gtf.gz	Phytozome 暂不下载，仅后续记录可用性
完整：清单、文件、中文 README 都存在	Malus domestica	apple	GCA_052938615.1	EdwardVII_h2	Chromosome	NCBI GenBank	Edward VII	PRJNA1168422	Malus_domestica_GCA_052938615.1	yes	yes	yes	yes	yes	0	201875393	8974559	9378274	220232724	Malus_domestica_GCA_052938615.1/genome/GCA_052938615.1_EdwardVII_h2_genomic.fna.gz	Malus_domestica_GCA_052938615.1/annotation/GCA_052938615.1_EdwardVII_h2_genomic.gff.gz	Malus_domestica_GCA_052938615.1/annotation/GCA_052938615.1_EdwardVII_h2_genomic.gtf.gz	https://ftp.ncbi.nlm.nih.gov/genomes/all/GCA/052/938/615/GCA_052938615.1_EdwardVII_h2/GCA_052938615.1_EdwardVII_h2_genomic.fna.gz	https://ftp.ncbi.nlm.nih.gov/genomes/all/GCA/052/938/615/GCA_052938615.1_EdwardVII_h2/GCA_052938615.1_EdwardVII_h2_genomic.gff.gz	https://ftp.ncbi.nlm.nih.gov/genomes/all/GCA/052/938/615/GCA_052938615.1_EdwardVII_h2/GCA_052938615.1_EdwardVII_h2_genomic.gtf.gz	Phytozome 暂不下载，仅后续记录可用性
完整：清单、文件、中文 README 都存在	Malus domestica	apple	GCA_052938675.1	CoxsOrangePippin_h1	Chromosome	NCBI GenBank	Cox's Orange Pippin	PRJNA1168419	Malus_domestica_GCA_052938675.1	yes	yes	yes	yes	yes	0	202277278	8975162	9443459	220700609	Malus_domestica_GCA_052938675.1/genome/GCA_052938675.1_CoxsOrangePippin_h1_genomic.fna.gz	Malus_domestica_GCA_052938675.1/annotation/GCA_052938675.1_CoxsOrangePippin_h1_genomic.gff.gz	Malus_domestica_GCA_052938675.1/annotation/GCA_052938675.1_CoxsOrangePippin_h1_genomic.gtf.gz	https://ftp.ncbi.nlm.nih.gov/genomes/all/GCA/052/938/675/GCA_052938675.1_CoxsOrangePippin_h1/GCA_052938675.1_CoxsOrangePippin_h1_genomic.fna.gz	https://ftp.ncbi.nlm.nih.gov/genomes/all/GCA/052/938/675/GCA_052938675.1_CoxsOrangePippin_h1/GCA_052938675.1_CoxsOrangePippin_h1_genomic.gff.gz	https://ftp.ncbi.nlm.nih.gov/genomes/all/GCA/052/938/675/GCA_052938675.1_CoxsOrangePippin_h1/GCA_052938675.1_CoxsOrangePippin_h1_genomic.gtf.gz	Phytozome 暂不下载，仅后续记录可用性
完整：清单、文件、中文 README 都存在	Malus domestica	apple	GCA_052938685.1	CoxsOrangePippin_h2	Chromosome	NCBI GenBank	Cox's Orange Pippin	PRJNA1168420	Malus_domestica_GCA_052938685.1	yes	yes	yes	yes	yes	0	200576929	9056573	9526857	219165069	Malus_domestica_GCA_052938685.1/genome/GCA_052938685.1_CoxsOrangePippin_h2_genomic.fna.gz	Malus_domestica_GCA_052938685.1/annotation/GCA_052938685.1_CoxsOrangePippin_h2_genomic.gff.gz	Malus_domestica_GCA_052938685.1/annotation/GCA_052938685.1_CoxsOrangePippin_h2_genomic.gtf.gz	https://ftp.ncbi.nlm.nih.gov/genomes/all/GCA/052/938/685/GCA_052938685.1_CoxsOrangePippin_h2/GCA_052938685.1_CoxsOrangePippin_h2_genomic.fna.gz	https://ftp.ncbi.nlm.nih.gov/genomes/all/GCA/052/938/685/GCA_052938685.1_CoxsOrangePippin_h2/GCA_052938685.1_CoxsOrangePippin_h2_genomic.gff.gz	https://ftp.ncbi.nlm.nih.gov/genomes/all/GCA/052/938/685/GCA_052938685.1_CoxsOrangePippin_h2/GCA_052938685.1_CoxsOrangePippin_h2_genomic.gtf.gz	Phytozome 暂不下载，仅后续记录可用性
完整：清单、文件、中文 README 都存在	Malus domestica	apple	GCA_052938715.1	FiessersErstling_h1	Chromosome	NCBI GenBank	Fiessers Erstling	PRJNA1168428	Malus_domestica_GCA_052938715.1	yes	yes	yes	yes	yes	0	203696504	8943568	9338403	221983183	Malus_domestica_GCA_052938715.1/genome/GCA_052938715.1_FiessersErstling_h1_genomic.fna.gz	Malus_domestica_GCA_052938715.1/annotation/GCA_052938715.1_FiessersErstling_h1_genomic.gff.gz	Malus_domestica_GCA_052938715.1/annotation/GCA_052938715.1_FiessersErstling_h1_genomic.gtf.gz	https://ftp.ncbi.nlm.nih.gov/genomes/all/GCA/052/938/715/GCA_052938715.1_FiessersErstling_h1/GCA_052938715.1_FiessersErstling_h1_genomic.fna.gz	https://ftp.ncbi.nlm.nih.gov/genomes/all/GCA/052/938/715/GCA_052938715.1_FiessersErstling_h1/GCA_052938715.1_FiessersErstling_h1_genomic.gff.gz	https://ftp.ncbi.nlm.nih.gov/genomes/all/GCA/052/938/715/GCA_052938715.1_FiessersErstling_h1/GCA_052938715.1_FiessersErstling_h1_genomic.gtf.gz	Phytozome 暂不下载，仅后续记录可用性
完整：清单、文件、中文 README 都存在	Malus domestica	apple	GCA_052938735.1	FiessersErstling_h2	Chromosome	NCBI GenBank	Fiessers Erstling	PRJNA1168429	Malus_domestica_GCA_052938735.1	yes	yes	yes	yes	yes	0	199648898	8891013	9288613	217833232	Malus_domestica_GCA_052938735.1/genome/GCA_052938735.1_FiessersErstling_h2_genomic.fna.gz	Malus_domestica_GCA_052938735.1/annotation/GCA_052938735.1_FiessersErstling_h2_genomic.gff.gz	Malus_domestica_GCA_052938735.1/annotation/GCA_052938735.1_FiessersErstling_h2_genomic.gtf.gz	https://ftp.ncbi.nlm.nih.gov/genomes/all/GCA/052/938/735/GCA_052938735.1_FiessersErstling_h2/GCA_052938735.1_FiessersErstling_h2_genomic.fna.gz	https://ftp.ncbi.nlm.nih.gov/genomes/all/GCA/052/938/735/GCA_052938735.1_FiessersErstling_h2/GCA_052938735.1_FiessersErstling_h2_genomic.gff.gz	https://ftp.ncbi.nlm.nih.gov/genomes/all/GCA/052/938/735/GCA_052938735.1_FiessersErstling_h2/GCA_052938735.1_FiessersErstling_h2_genomic.gtf.gz	Phytozome 暂不下载，仅后续记录可用性
完整：清单、文件、中文 README 都存在	Malus domestica	apple	GCA_052938915.1	ScillyPearl_h1	Chromosome	NCBI GenBank	Scilly Pearl	PRJNA1168470	Malus_domestica_GCA_052938915.1	yes	yes	yes	yes	yes	0	201833633	8995973	9527897	220362061	Malus_domestica_GCA_052938915.1/genome/GCA_052938915.1_ScillyPearl_h1_genomic.fna.gz	Malus_domestica_GCA_052938915.1/annotation/GCA_052938915.1_ScillyPearl_h1_genomic.gff.gz	Malus_domestica_GCA_052938915.1/annotation/GCA_052938915.1_ScillyPearl_h1_genomic.gtf.gz	https://ftp.ncbi.nlm.nih.gov/genomes/all/GCA/052/938/915/GCA_052938915.1_ScillyPearl_h1/GCA_052938915.1_ScillyPearl_h1_genomic.fna.gz	https://ftp.ncbi.nlm.nih.gov/genomes/all/GCA/052/938/915/GCA_052938915.1_ScillyPearl_h1/GCA_052938915.1_ScillyPearl_h1_genomic.gff.gz	https://ftp.ncbi.nlm.nih.gov/genomes/all/GCA/052/938/915/GCA_052938915.1_ScillyPearl_h1/GCA_052938915.1_ScillyPearl_h1_genomic.gtf.gz	Phytozome 暂不下载，仅后续记录可用性
完整：清单、文件、中文 README 都存在	Malus domestica	apple	GCA_052938925.1	ScillyPearl_h2	Chromosome	NCBI GenBank	Scilly Pearl	PRJNA1168471	Malus_domestica_GCA_052938925.1	yes	yes	yes	yes	yes	0	201643779	8991018	9522698	220162053	Malus_domestica_GCA_052938925.1/genome/GCA_052938925.1_ScillyPearl_h2_genomic.fna.gz	Malus_domestica_GCA_052938925.1/annotation/GCA_052938925.1_ScillyPearl_h2_genomic.gff.gz	Malus_domestica_GCA_052938925.1/annotation/GCA_052938925.1_ScillyPearl_h2_genomic.gtf.gz	https://ftp.ncbi.nlm.nih.gov/genomes/all/GCA/052/938/925/GCA_052938925.1_ScillyPearl_h2/GCA_052938925.1_ScillyPearl_h2_genomic.fna.gz	https://ftp.ncbi.nlm.nih.gov/genomes/all/GCA/052/938/925/GCA_052938925.1_ScillyPearl_h2/GCA_052938925.1_ScillyPearl_h2_genomic.gff.gz	https://ftp.ncbi.nlm.nih.gov/genomes/all/GCA/052/938/925/GCA_052938925.1_ScillyPearl_h2/GCA_052938925.1_ScillyPearl_h2_genomic.gtf.gz	Phytozome 暂不下载，仅后续记录可用性
完整：清单、文件、中文 README 都存在	Malus domestica	apple	GCA_052938935.1	Rouget_h1	Chromosome	NCBI GenBank	Rouget	PRJNA1168468	Malus_domestica_GCA_052938935.1	yes	yes	yes	yes	yes	0	203037617	8947389	9479050	221468463	Malus_domestica_GCA_052938935.1/genome/GCA_052938935.1_Rouget_h1_genomic.fna.gz	Malus_domestica_GCA_052938935.1/annotation/GCA_052938935.1_Rouget_h1_genomic.gff.gz	Malus_domestica_GCA_052938935.1/annotation/GCA_052938935.1_Rouget_h1_genomic.gtf.gz	https://ftp.ncbi.nlm.nih.gov/genomes/all/GCA/052/938/935/GCA_052938935.1_Rouget_h1/GCA_052938935.1_Rouget_h1_genomic.fna.gz	https://ftp.ncbi.nlm.nih.gov/genomes/all/GCA/052/938/935/GCA_052938935.1_Rouget_h1/GCA_052938935.1_Rouget_h1_genomic.gff.gz	https://ftp.ncbi.nlm.nih.gov/genomes/all/GCA/052/938/935/GCA_052938935.1_Rouget_h1/GCA_052938935.1_Rouget_h1_genomic.gtf.gz	Phytozome 暂不下载，仅后续记录可用性
完整：清单、文件、中文 README 都存在	Malus domestica	apple	GCA_052938975.1	Rouget_h2	Chromosome	NCBI GenBank	Rouget	PRJNA1168469	Malus_domestica_GCA_052938975.1	yes	yes	yes	yes	yes	0	201313094	8849664	9377097	219544262	Malus_domestica_GCA_052938975.1/genome/GCA_052938975.1_Rouget_h2_genomic.fna.gz	Malus_domestica_GCA_052938975.1/annotation/GCA_052938975.1_Rouget_h2_genomic.gff.gz	Malus_domestica_GCA_052938975.1/annotation/GCA_052938975.1_Rouget_h2_genomic.gtf.gz	https://ftp.ncbi.nlm.nih.gov/genomes/all/GCA/052/938/975/GCA_052938975.1_Rouget_h2/GCA_052938975.1_Rouget_h2_genomic.fna.gz	https://ftp.ncbi.nlm.nih.gov/genomes/all/GCA/052/938/975/GCA_052938975.1_Rouget_h2/GCA_052938975.1_Rouget_h2_genomic.gff.gz	https://ftp.ncbi.nlm.nih.gov/genomes/all/GCA/052/938/975/GCA_052938975.1_Rouget_h2/GCA_052938975.1_Rouget_h2_genomic.gtf.gz	Phytozome 暂不下载，仅后续记录可用性
完整：清单、文件、中文 README 都存在	Malus domestica	apple	GCA_052938985.1	Prima_h2	Chromosome	NCBI GenBank	Prima	PRJNA1168462	Malus_domestica_GCA_052938985.1	yes	yes	yes	yes	yes	0	199173396	8930942	9461139	217569854	Malus_domestica_GCA_052938985.1/genome/GCA_052938985.1_Prima_h2_genomic.fna.gz	Malus_domestica_GCA_052938985.1/annotation/GCA_052938985.1_Prima_h2_genomic.gff.gz	Malus_domestica_GCA_052938985.1/annotation/GCA_052938985.1_Prima_h2_genomic.gtf.gz	https://ftp.ncbi.nlm.nih.gov/genomes/all/GCA/052/938/985/GCA_052938985.1_Prima_h2/GCA_052938985.1_Prima_h2_genomic.fna.gz	https://ftp.ncbi.nlm.nih.gov/genomes/all/GCA/052/938/985/GCA_052938985.1_Prima_h2/GCA_052938985.1_Prima_h2_genomic.gff.gz	https://ftp.ncbi.nlm.nih.gov/genomes/all/GCA/052/938/985/GCA_052938985.1_Prima_h2/GCA_052938985.1_Prima_h2_genomic.gtf.gz	Phytozome 暂不下载，仅后续记录可用性
完整：清单、文件、中文 README 都存在	Malus domestica	apple	GCA_052939015.1	Prima_h1	Chromosome	NCBI GenBank	Prima	PRJNA1168461	Malus_domestica_GCA_052939015.1	yes	yes	yes	yes	yes	0	204718758	9047494	9582002	223352631	Malus_domestica_GCA_052939015.1/genome/GCA_052939015.1_Prima_h1_genomic.fna.gz	Malus_domestica_GCA_052939015.1/annotation/GCA_052939015.1_Prima_h1_genomic.gff.gz	Malus_domestica_GCA_052939015.1/annotation/GCA_052939015.1_Prima_h1_genomic.gtf.gz	https://ftp.ncbi.nlm.nih.gov/genomes/all/GCA/052/939/015/GCA_052939015.1_Prima_h1/GCA_052939015.1_Prima_h1_genomic.fna.gz	https://ftp.ncbi.nlm.nih.gov/genomes/all/GCA/052/939/015/GCA_052939015.1_Prima_h1/GCA_052939015.1_Prima_h1_genomic.gff.gz	https://ftp.ncbi.nlm.nih.gov/genomes/all/GCA/052/939/015/GCA_052939015.1_Prima_h1/GCA_052939015.1_Prima_h1_genomic.gtf.gz	Phytozome 暂不下载，仅后续记录可用性
完整：清单、文件、中文 README 都存在	Malus domestica	apple	GCA_052939035.1	SQ159_h1	Chromosome	NCBI GenBank	SQ59	PRJNA1168457	Malus_domestica_GCA_052939035.1	yes	yes	yes	yes	yes	0	202438036	8933750	9466080	220842242	Malus_domestica_GCA_052939035.1/genome/GCA_052939035.1_SQ159_h1_genomic.fna.gz	Malus_domestica_GCA_052939035.1/annotation/GCA_052939035.1_SQ159_h1_genomic.gff.gz	Malus_domestica_GCA_052939035.1/annotation/GCA_052939035.1_SQ159_h1_genomic.gtf.gz	https://ftp.ncbi.nlm.nih.gov/genomes/all/GCA/052/939/035/GCA_052939035.1_SQ159_h1/GCA_052939035.1_SQ159_h1_genomic.fna.gz	https://ftp.ncbi.nlm.nih.gov/genomes/all/GCA/052/939/035/GCA_052939035.1_SQ159_h1/GCA_052939035.1_SQ159_h1_genomic.gff.gz	https://ftp.ncbi.nlm.nih.gov/genomes/all/GCA/052/939/035/GCA_052939035.1_SQ159_h1/GCA_052939035.1_SQ159_h1_genomic.gtf.gz	Phytozome 暂不下载，仅后续记录可用性
完整：清单、文件、中文 README 都存在	Malus domestica	apple	GCA_052939045.1	SQ159_h2	Chromosome	NCBI GenBank	SQ59	PRJNA1168459	Malus_domestica_GCA_052939045.1	yes	yes	yes	yes	yes	0	200018332	8920529	9449534	218392771	Malus_domestica_GCA_052939045.1/genome/GCA_052939045.1_SQ159_h2_genomic.fna.gz	Malus_domestica_GCA_052939045.1/annotation/GCA_052939045.1_SQ159_h2_genomic.gff.gz	Malus_domestica_GCA_052939045.1/annotation/GCA_052939045.1_SQ159_h2_genomic.gtf.gz	https://ftp.ncbi.nlm.nih.gov/genomes/all/GCA/052/939/045/GCA_052939045.1_SQ159_h2/GCA_052939045.1_SQ159_h2_genomic.fna.gz	https://ftp.ncbi.nlm.nih.gov/genomes/all/GCA/052/939/045/GCA_052939045.1_SQ159_h2/GCA_052939045.1_SQ159_h2_genomic.gff.gz	https://ftp.ncbi.nlm.nih.gov/genomes/all/GCA/052/939/045/GCA_052939045.1_SQ159_h2/GCA_052939045.1_SQ159_h2_genomic.gtf.gz	Phytozome 暂不下载，仅后续记录可用性
完整：清单、文件、中文 README 都存在	Malus domestica	apple	GCA_052939075.1	Milwa_h1	Chromosome	NCBI GenBank	Milwa	PRJNA1168455	Malus_domestica_GCA_052939075.1	yes	yes	yes	yes	yes	0	203793272	9025462	9560985	222384096	Malus_domestica_GCA_052939075.1/genome/GCA_052939075.1_Milwa_h1_genomic.fna.gz	Malus_domestica_GCA_052939075.1/annotation/GCA_052939075.1_Milwa_h1_genomic.gff.gz	Malus_domestica_GCA_052939075.1/annotation/GCA_052939075.1_Milwa_h1_genomic.gtf.gz	https://ftp.ncbi.nlm.nih.gov/genomes/all/GCA/052/939/075/GCA_052939075.1_Milwa_h1/GCA_052939075.1_Milwa_h1_genomic.fna.gz	https://ftp.ncbi.nlm.nih.gov/genomes/all/GCA/052/939/075/GCA_052939075.1_Milwa_h1/GCA_052939075.1_Milwa_h1_genomic.gff.gz	https://ftp.ncbi.nlm.nih.gov/genomes/all/GCA/052/939/075/GCA_052939075.1_Milwa_h1/GCA_052939075.1_Milwa_h1_genomic.gtf.gz	Phytozome 暂不下载，仅后续记录可用性
完整：清单、文件、中文 README 都存在	Malus domestica	apple	GCA_052939095.1	Milwa_h2	Chromosome	NCBI GenBank	Milwa	PRJNA1168456	Malus_domestica_GCA_052939095.1	yes	yes	yes	yes	yes	0	199465227	8943483	9476915	217890002	Malus_domestica_GCA_052939095.1/genome/GCA_052939095.1_Milwa_h2_genomic.fna.gz	Malus_domestica_GCA_052939095.1/annotation/GCA_052939095.1_Milwa_h2_genomic.gff.gz	Malus_domestica_GCA_052939095.1/annotation/GCA_052939095.1_Milwa_h2_genomic.gtf.gz	https://ftp.ncbi.nlm.nih.gov/genomes/all/GCA/052/939/095/GCA_052939095.1_Milwa_h2/GCA_052939095.1_Milwa_h2_genomic.fna.gz	https://ftp.ncbi.nlm.nih.gov/genomes/all/GCA/052/939/095/GCA_052939095.1_Milwa_h2/GCA_052939095.1_Milwa_h2_genomic.gff.gz	https://ftp.ncbi.nlm.nih.gov/genomes/all/GCA/052/939/095/GCA_052939095.1_Milwa_h2/GCA_052939095.1_Milwa_h2_genomic.gtf.gz	Phytozome 暂不下载，仅后续记录可用性
完整：清单、文件、中文 README 都存在	Malus domestica	apple	GCA_052939115.1	McIntosh_h1	Chromosome	NCBI GenBank	McIntosh	PRJNA1168451	Malus_domestica_GCA_052939115.1	yes	yes	yes	yes	yes	0	203925376	8910483	9440166	222280492	Malus_domestica_GCA_052939115.1/genome/GCA_052939115.1_McIntosh_h1_genomic.fna.gz	Malus_domestica_GCA_052939115.1/annotation/GCA_052939115.1_McIntosh_h1_genomic.gff.gz	Malus_domestica_GCA_052939115.1/annotation/GCA_052939115.1_McIntosh_h1_genomic.gtf.gz	https://ftp.ncbi.nlm.nih.gov/genomes/all/GCA/052/939/115/GCA_052939115.1_McIntosh_h1/GCA_052939115.1_McIntosh_h1_genomic.fna.gz	https://ftp.ncbi.nlm.nih.gov/genomes/all/GCA/052/939/115/GCA_052939115.1_McIntosh_h1/GCA_052939115.1_McIntosh_h1_genomic.gff.gz	https://ftp.ncbi.nlm.nih.gov/genomes/all/GCA/052/939/115/GCA_052939115.1_McIntosh_h1/GCA_052939115.1_McIntosh_h1_genomic.gtf.gz	Phytozome 暂不下载，仅后续记录可用性
完整：清单、文件、中文 README 都存在	Malus domestica	apple	GCA_052939125.1	McIntosh_h2	Chromosome	NCBI GenBank	McIntosh	PRJNA1168453	Malus_domestica_GCA_052939125.1	yes	yes	yes	yes	yes	0	201058054	8895767	9422715	219381003	Malus_domestica_GCA_052939125.1/genome/GCA_052939125.1_McIntosh_h2_genomic.fna.gz	Malus_domestica_GCA_052939125.1/annotation/GCA_052939125.1_McIntosh_h2_genomic.gff.gz	Malus_domestica_GCA_052939125.1/annotation/GCA_052939125.1_McIntosh_h2_genomic.gtf.gz	https://ftp.ncbi.nlm.nih.gov/genomes/all/GCA/052/939/125/GCA_052939125.1_McIntosh_h2/GCA_052939125.1_McIntosh_h2_genomic.fna.gz	https://ftp.ncbi.nlm.nih.gov/genomes/all/GCA/052/939/125/GCA_052939125.1_McIntosh_h2/GCA_052939125.1_McIntosh_h2_genomic.gff.gz	https://ftp.ncbi.nlm.nih.gov/genomes/all/GCA/052/939/125/GCA_052939125.1_McIntosh_h2/GCA_052939125.1_McIntosh_h2_genomic.gtf.gz	Phytozome 暂不下载，仅后续记录可用性
完整：清单、文件、中文 README 都存在	Malus domestica	apple	GCA_052939155.1	Braeburn_h1	Chromosome	NCBI GenBank	Braeburn	PRJNA1168413	Malus_domestica_GCA_052939155.1	yes	yes	yes	yes	yes	0	210460014	9152970	9698672	229316123	Malus_domestica_GCA_052939155.1/genome/GCA_052939155.1_Braeburn_h1_genomic.fna.gz	Malus_domestica_GCA_052939155.1/annotation/GCA_052939155.1_Braeburn_h1_genomic.gff.gz	Malus_domestica_GCA_052939155.1/annotation/GCA_052939155.1_Braeburn_h1_genomic.gtf.gz	https://ftp.ncbi.nlm.nih.gov/genomes/all/GCA/052/939/155/GCA_052939155.1_Braeburn_h1/GCA_052939155.1_Braeburn_h1_genomic.fna.gz	https://ftp.ncbi.nlm.nih.gov/genomes/all/GCA/052/939/155/GCA_052939155.1_Braeburn_h1/GCA_052939155.1_Braeburn_h1_genomic.gff.gz	https://ftp.ncbi.nlm.nih.gov/genomes/all/GCA/052/939/155/GCA_052939155.1_Braeburn_h1/GCA_052939155.1_Braeburn_h1_genomic.gtf.gz	Phytozome 暂不下载，仅后续记录可用性
完整：清单、文件、中文 README 都存在	Malus domestica	apple	GCA_052939175.1	Braeburn_h2	Chromosome	NCBI GenBank	Braeburn	PRJNA1168414	Malus_domestica_GCA_052939175.1	yes	yes	yes	yes	yes	0	184569406	8153343	8631649	201358865	Malus_domestica_GCA_052939175.1/genome/GCA_052939175.1_Braeburn_h2_genomic.fna.gz	Malus_domestica_GCA_052939175.1/annotation/GCA_052939175.1_Braeburn_h2_genomic.gff.gz	Malus_domestica_GCA_052939175.1/annotation/GCA_052939175.1_Braeburn_h2_genomic.gtf.gz	https://ftp.ncbi.nlm.nih.gov/genomes/all/GCA/052/939/175/GCA_052939175.1_Braeburn_h2/GCA_052939175.1_Braeburn_h2_genomic.fna.gz	https://ftp.ncbi.nlm.nih.gov/genomes/all/GCA/052/939/175/GCA_052939175.1_Braeburn_h2/GCA_052939175.1_Braeburn_h2_genomic.gff.gz	https://ftp.ncbi.nlm.nih.gov/genomes/all/GCA/052/939/175/GCA_052939175.1_Braeburn_h2/GCA_052939175.1_Braeburn_h2_genomic.gtf.gz	Phytozome 暂不下载，仅后续记录可用性
完整：清单、文件、中文 README 都存在	Malus domestica	apple	GCA_052939185.1	Kitchkova_h1	Chromosome	NCBI GenBank	Kitchkova	PRJNA1168448	Malus_domestica_GCA_052939185.1	yes	yes	yes	yes	yes	0	205582224	8884422	9410902	223882045	Malus_domestica_GCA_052939185.1/genome/GCA_052939185.1_Kitchkova_h1_genomic.fna.gz	Malus_domestica_GCA_052939185.1/annotation/GCA_052939185.1_Kitchkova_h1_genomic.gff.gz	Malus_domestica_GCA_052939185.1/annotation/GCA_052939185.1_Kitchkova_h1_genomic.gtf.gz	https://ftp.ncbi.nlm.nih.gov/genomes/all/GCA/052/939/185/GCA_052939185.1_Kitchkova_h1/GCA_052939185.1_Kitchkova_h1_genomic.fna.gz	https://ftp.ncbi.nlm.nih.gov/genomes/all/GCA/052/939/185/GCA_052939185.1_Kitchkova_h1/GCA_052939185.1_Kitchkova_h1_genomic.gff.gz	https://ftp.ncbi.nlm.nih.gov/genomes/all/GCA/052/939/185/GCA_052939185.1_Kitchkova_h1/GCA_052939185.1_Kitchkova_h1_genomic.gtf.gz	Phytozome 暂不下载，仅后续记录可用性
完整：清单、文件、中文 README 都存在	Malus domestica	apple	GCA_052939215.1	Kitchkova_h2	Chromosome	NCBI GenBank	Kitchkova	PRJNA1168449	Malus_domestica_GCA_052939215.1	yes	yes	yes	yes	yes	0	201760008	8927690	9456667	220148862	Malus_domestica_GCA_052939215.1/genome/GCA_052939215.1_Kitchkova_h2_genomic.fna.gz	Malus_domestica_GCA_052939215.1/annotation/GCA_052939215.1_Kitchkova_h2_genomic.gff.gz	Malus_domestica_GCA_052939215.1/annotation/GCA_052939215.1_Kitchkova_h2_genomic.gtf.gz	https://ftp.ncbi.nlm.nih.gov/genomes/all/GCA/052/939/215/GCA_052939215.1_Kitchkova_h2/GCA_052939215.1_Kitchkova_h2_genomic.fna.gz	https://ftp.ncbi.nlm.nih.gov/genomes/all/GCA/052/939/215/GCA_052939215.1_Kitchkova_h2/GCA_052939215.1_Kitchkova_h2_genomic.gff.gz	https://ftp.ncbi.nlm.nih.gov/genomes/all/GCA/052/939/215/GCA_052939215.1_Kitchkova_h2/GCA_052939215.1_Kitchkova_h2_genomic.gtf.gz	Phytozome 暂不下载，仅后续记录可用性
完整：清单、文件、中文 README 都存在	Malus domestica	apple	GCA_052939235.1	Jonathan_h2	Chromosome	NCBI GenBank	Jonathan	PRJNA1168447	Malus_domestica_GCA_052939235.1	yes	yes	yes	yes	yes	0	201546780	9048383	9583377	220183007	Malus_domestica_GCA_052939235.1/genome/GCA_052939235.1_Jonathan_h2_genomic.fna.gz	Malus_domestica_GCA_052939235.1/annotation/GCA_052939235.1_Jonathan_h2_genomic.gff.gz	Malus_domestica_GCA_052939235.1/annotation/GCA_052939235.1_Jonathan_h2_genomic.gtf.gz	https://ftp.ncbi.nlm.nih.gov/genomes/all/GCA/052/939/235/GCA_052939235.1_Jonathan_h2/GCA_052939235.1_Jonathan_h2_genomic.fna.gz	https://ftp.ncbi.nlm.nih.gov/genomes/all/GCA/052/939/235/GCA_052939235.1_Jonathan_h2/GCA_052939235.1_Jonathan_h2_genomic.gff.gz	https://ftp.ncbi.nlm.nih.gov/genomes/all/GCA/052/939/235/GCA_052939235.1_Jonathan_h2/GCA_052939235.1_Jonathan_h2_genomic.gtf.gz	Phytozome 暂不下载，仅后续记录可用性
完整：清单、文件、中文 README 都存在	Malus domestica	apple	GCA_052939245.1	Jonathan_h1	Chromosome	NCBI GenBank	Jonathan	PRJNA1168445	Malus_domestica_GCA_052939245.1	yes	yes	yes	yes	yes	0	201964993	8974532	9507502	220451494	Malus_domestica_GCA_052939245.1/genome/GCA_052939245.1_Jonathan_h1_genomic.fna.gz	Malus_domestica_GCA_052939245.1/annotation/GCA_052939245.1_Jonathan_h1_genomic.gff.gz	Malus_domestica_GCA_052939245.1/annotation/GCA_052939245.1_Jonathan_h1_genomic.gtf.gz	https://ftp.ncbi.nlm.nih.gov/genomes/all/GCA/052/939/245/GCA_052939245.1_Jonathan_h1/GCA_052939245.1_Jonathan_h1_genomic.fna.gz	https://ftp.ncbi.nlm.nih.gov/genomes/all/GCA/052/939/245/GCA_052939245.1_Jonathan_h1/GCA_052939245.1_Jonathan_h1_genomic.gff.gz	https://ftp.ncbi.nlm.nih.gov/genomes/all/GCA/052/939/245/GCA_052939245.1_Jonathan_h1/GCA_052939245.1_Jonathan_h1_genomic.gtf.gz	Phytozome 暂不下载，仅后续记录可用性
完整：清单、文件、中文 README 都存在	Malus domestica	apple	GCA_052939275.1	GrannySmith_h1	Chromosome	NCBI GenBank	Granny Smith	PRJNA1168436	Malus_domestica_GCA_052939275.1	yes	yes	yes	yes	yes	0	202823056	8910196	9437274	221175084	Malus_domestica_GCA_052939275.1/genome/GCA_052939275.1_GrannySmith_h1_genomic.fna.gz	Malus_domestica_GCA_052939275.1/annotation/GCA_052939275.1_GrannySmith_h1_genomic.gff.gz	Malus_domestica_GCA_052939275.1/annotation/GCA_052939275.1_GrannySmith_h1_genomic.gtf.gz	https://ftp.ncbi.nlm.nih.gov/genomes/all/GCA/052/939/275/GCA_052939275.1_GrannySmith_h1/GCA_052939275.1_GrannySmith_h1_genomic.fna.gz	https://ftp.ncbi.nlm.nih.gov/genomes/all/GCA/052/939/275/GCA_052939275.1_GrannySmith_h1/GCA_052939275.1_GrannySmith_h1_genomic.gff.gz	https://ftp.ncbi.nlm.nih.gov/genomes/all/GCA/052/939/275/GCA_052939275.1_GrannySmith_h1/GCA_052939275.1_GrannySmith_h1_genomic.gtf.gz	Phytozome 暂不下载，仅后续记录可用性
完整：清单、文件、中文 README 都存在	Malus domestica	apple	GCA_052939295.1	GrannySmith_h2	Chromosome	NCBI GenBank	Granny Smith	PRJNA1168439	Malus_domestica_GCA_052939295.1	yes	yes	yes	yes	yes	0	200358137	8792735	9314887	218470317	Malus_domestica_GCA_052939295.1/genome/GCA_052939295.1_GrannySmith_h2_genomic.fna.gz	Malus_domestica_GCA_052939295.1/annotation/GCA_052939295.1_GrannySmith_h2_genomic.gff.gz	Malus_domestica_GCA_052939295.1/annotation/GCA_052939295.1_GrannySmith_h2_genomic.gtf.gz	https://ftp.ncbi.nlm.nih.gov/genomes/all/GCA/052/939/295/GCA_052939295.1_GrannySmith_h2/GCA_052939295.1_GrannySmith_h2_genomic.fna.gz	https://ftp.ncbi.nlm.nih.gov/genomes/all/GCA/052/939/295/GCA_052939295.1_GrannySmith_h2/GCA_052939295.1_GrannySmith_h2_genomic.gff.gz	https://ftp.ncbi.nlm.nih.gov/genomes/all/GCA/052/939/295/GCA_052939295.1_GrannySmith_h2/GCA_052939295.1_GrannySmith_h2_genomic.gtf.gz	Phytozome 暂不下载，仅后续记录可用性
完整：清单、文件、中文 README 都存在	Malus domestica	apple	GCA_052939315.1	GigaIpador_h1	Chromosome	NCBI GenBank	Giga	PRJNA1168434	Malus_domestica_GCA_052939315.1	yes	yes	yes	yes	yes	0	207435772	9272633	9818769	226531695	Malus_domestica_GCA_052939315.1/genome/GCA_052939315.1_GigaIpador_h1_genomic.fna.gz	Malus_domestica_GCA_052939315.1/annotation/GCA_052939315.1_GigaIpador_h1_genomic.gff.gz	Malus_domestica_GCA_052939315.1/annotation/GCA_052939315.1_GigaIpador_h1_genomic.gtf.gz	https://ftp.ncbi.nlm.nih.gov/genomes/all/GCA/052/939/315/GCA_052939315.1_GigaIpador_h1/GCA_052939315.1_GigaIpador_h1_genomic.fna.gz	https://ftp.ncbi.nlm.nih.gov/genomes/all/GCA/052/939/315/GCA_052939315.1_GigaIpador_h1/GCA_052939315.1_GigaIpador_h1_genomic.gff.gz	https://ftp.ncbi.nlm.nih.gov/genomes/all/GCA/052/939/315/GCA_052939315.1_GigaIpador_h1/GCA_052939315.1_GigaIpador_h1_genomic.gtf.gz	Phytozome 暂不下载，仅后续记录可用性
完整：清单、文件、中文 README 都存在	Malus domestica	apple	GCA_052939335.1	GigaIpador_h2	Chromosome	NCBI GenBank	Giga	PRJNA1168435	Malus_domestica_GCA_052939335.1	yes	yes	yes	yes	yes	0	200102105	8941165	9474059	218521850	Malus_domestica_GCA_052939335.1/genome/GCA_052939335.1_GigaIpador_h2_genomic.fna.gz	Malus_domestica_GCA_052939335.1/annotation/GCA_052939335.1_GigaIpador_h2_genomic.gff.gz	Malus_domestica_GCA_052939335.1/annotation/GCA_052939335.1_GigaIpador_h2_genomic.gtf.gz	https://ftp.ncbi.nlm.nih.gov/genomes/all/GCA/052/939/335/GCA_052939335.1_GigaIpador_h2/GCA_052939335.1_GigaIpador_h2_genomic.fna.gz	https://ftp.ncbi.nlm.nih.gov/genomes/all/GCA/052/939/335/GCA_052939335.1_GigaIpador_h2/GCA_052939335.1_GigaIpador_h2_genomic.gff.gz	https://ftp.ncbi.nlm.nih.gov/genomes/all/GCA/052/939/335/GCA_052939335.1_GigaIpador_h2/GCA_052939335.1_GigaIpador_h2_genomic.gtf.gz	Phytozome 暂不下载，仅后续记录可用性
完整：清单、文件、中文 README 都存在	Malus domestica	apple	GCA_052939355.1	Giambun_h1	Chromosome	NCBI GenBank	Giambun	PRJNA1168432	Malus_domestica_GCA_052939355.1	yes	yes	yes	yes	yes	0	201828048	8966194	9496711	220295390	Malus_domestica_GCA_052939355.1/genome/GCA_052939355.1_Giambun_h1_genomic.fna.gz	Malus_domestica_GCA_052939355.1/annotation/GCA_052939355.1_Giambun_h1_genomic.gff.gz	Malus_domestica_GCA_052939355.1/annotation/GCA_052939355.1_Giambun_h1_genomic.gtf.gz	https://ftp.ncbi.nlm.nih.gov/genomes/all/GCA/052/939/355/GCA_052939355.1_Giambun_h1/GCA_052939355.1_Giambun_h1_genomic.fna.gz	https://ftp.ncbi.nlm.nih.gov/genomes/all/GCA/052/939/355/GCA_052939355.1_Giambun_h1/GCA_052939355.1_Giambun_h1_genomic.gff.gz	https://ftp.ncbi.nlm.nih.gov/genomes/all/GCA/052/939/355/GCA_052939355.1_Giambun_h1/GCA_052939355.1_Giambun_h1_genomic.gtf.gz	Phytozome 暂不下载，仅后续记录可用性
完整：清单、文件、中文 README 都存在	Malus domestica	apple	GCA_052939365.1	Giambun_h2	Chromosome	NCBI GenBank	Giambun	PRJNA1168433	Malus_domestica_GCA_052939365.1	yes	yes	yes	yes	yes	0	200701672	8964656	9495342	219166107	Malus_domestica_GCA_052939365.1/genome/GCA_052939365.1_Giambun_h2_genomic.fna.gz	Malus_domestica_GCA_052939365.1/annotation/GCA_052939365.1_Giambun_h2_genomic.gff.gz	Malus_domestica_GCA_052939365.1/annotation/GCA_052939365.1_Giambun_h2_genomic.gtf.gz	https://ftp.ncbi.nlm.nih.gov/genomes/all/GCA/052/939/365/GCA_052939365.1_Giambun_h2/GCA_052939365.1_Giambun_h2_genomic.fna.gz	https://ftp.ncbi.nlm.nih.gov/genomes/all/GCA/052/939/365/GCA_052939365.1_Giambun_h2/GCA_052939365.1_Giambun_h2_genomic.gff.gz	https://ftp.ncbi.nlm.nih.gov/genomes/all/GCA/052/939/365/GCA_052939365.1_Giambun_h2/GCA_052939365.1_Giambun_h2_genomic.gtf.gz	Phytozome 暂不下载，仅后续记录可用性
完整：清单、文件、中文 README 都存在	Malus domestica	apple	GCA_052939395.1	EsopusSpritzenburg_h1	Chromosome	NCBI GenBank	Esopus Spitzenburg	PRJNA1168426	Malus_domestica_GCA_052939395.1	yes	yes	yes	yes	yes	0	202605694	9048347	9581466	221240274	Malus_domestica_GCA_052939395.1/genome/GCA_052939395.1_EsopusSpritzenburg_h1_genomic.fna.gz	Malus_domestica_GCA_052939395.1/annotation/GCA_052939395.1_EsopusSpritzenburg_h1_genomic.gff.gz	Malus_domestica_GCA_052939395.1/annotation/GCA_052939395.1_EsopusSpritzenburg_h1_genomic.gtf.gz	https://ftp.ncbi.nlm.nih.gov/genomes/all/GCA/052/939/395/GCA_052939395.1_EsopusSpritzenburg_h1/GCA_052939395.1_EsopusSpritzenburg_h1_genomic.fna.gz	https://ftp.ncbi.nlm.nih.gov/genomes/all/GCA/052/939/395/GCA_052939395.1_EsopusSpritzenburg_h1/GCA_052939395.1_EsopusSpritzenburg_h1_genomic.gff.gz	https://ftp.ncbi.nlm.nih.gov/genomes/all/GCA/052/939/395/GCA_052939395.1_EsopusSpritzenburg_h1/GCA_052939395.1_EsopusSpritzenburg_h1_genomic.gtf.gz	Phytozome 暂不下载，仅后续记录可用性
完整：清单、文件、中文 README 都存在	Malus domestica	apple	GCA_052939415.1	EsopusSpritzenburg_h2	Chromosome	NCBI GenBank	Esopus Spitzenburg	PRJNA1168427	Malus_domestica_GCA_052939415.1	yes	yes	yes	yes	yes	0	201044799	8980417	9511549	219541532	Malus_domestica_GCA_052939415.1/genome/GCA_052939415.1_EsopusSpritzenburg_h2_genomic.fna.gz	Malus_domestica_GCA_052939415.1/annotation/GCA_052939415.1_EsopusSpritzenburg_h2_genomic.gff.gz	Malus_domestica_GCA_052939415.1/annotation/GCA_052939415.1_EsopusSpritzenburg_h2_genomic.gtf.gz	https://ftp.ncbi.nlm.nih.gov/genomes/all/GCA/052/939/415/GCA_052939415.1_EsopusSpritzenburg_h2/GCA_052939415.1_EsopusSpritzenburg_h2_genomic.fna.gz	https://ftp.ncbi.nlm.nih.gov/genomes/all/GCA/052/939/415/GCA_052939415.1_EsopusSpritzenburg_h2/GCA_052939415.1_EsopusSpritzenburg_h2_genomic.gff.gz	https://ftp.ncbi.nlm.nih.gov/genomes/all/GCA/052/939/415/GCA_052939415.1_EsopusSpritzenburg_h2/GCA_052939415.1_EsopusSpritzenburg_h2_genomic.gtf.gz	Phytozome 暂不下载，仅后续记录可用性
完整：清单、文件、中文 README 都存在	Malus domestica	apple	GCA_052939425.1	Enterprise_h1	Chromosome	NCBI GenBank	Enterprise	PRJNA1168423	Malus_domestica_GCA_052939425.1	yes	yes	yes	yes	yes	0	203282940	8936162	9465889	221689518	Malus_domestica_GCA_052939425.1/genome/GCA_052939425.1_Enterprise_h1_genomic.fna.gz	Malus_domestica_GCA_052939425.1/annotation/GCA_052939425.1_Enterprise_h1_genomic.gff.gz	Malus_domestica_GCA_052939425.1/annotation/GCA_052939425.1_Enterprise_h1_genomic.gtf.gz	https://ftp.ncbi.nlm.nih.gov/genomes/all/GCA/052/939/425/GCA_052939425.1_Enterprise_h1/GCA_052939425.1_Enterprise_h1_genomic.fna.gz	https://ftp.ncbi.nlm.nih.gov/genomes/all/GCA/052/939/425/GCA_052939425.1_Enterprise_h1/GCA_052939425.1_Enterprise_h1_genomic.gff.gz	https://ftp.ncbi.nlm.nih.gov/genomes/all/GCA/052/939/425/GCA_052939425.1_Enterprise_h1/GCA_052939425.1_Enterprise_h1_genomic.gtf.gz	Phytozome 暂不下载，仅后续记录可用性
完整：清单、文件、中文 README 都存在	Malus domestica	apple	GCA_052939435.1	Enterprise_h2	Chromosome	NCBI GenBank	Enterprise	PRJNA1168424	Malus_domestica_GCA_052939435.1	yes	yes	yes	yes	yes	0	201255070	8951799	9484245	219695641	Malus_domestica_GCA_052939435.1/genome/GCA_052939435.1_Enterprise_h2_genomic.fna.gz	Malus_domestica_GCA_052939435.1/annotation/GCA_052939435.1_Enterprise_h2_genomic.gff.gz	Malus_domestica_GCA_052939435.1/annotation/GCA_052939435.1_Enterprise_h2_genomic.gtf.gz	https://ftp.ncbi.nlm.nih.gov/genomes/all/GCA/052/939/435/GCA_052939435.1_Enterprise_h2/GCA_052939435.1_Enterprise_h2_genomic.fna.gz	https://ftp.ncbi.nlm.nih.gov/genomes/all/GCA/052/939/435/GCA_052939435.1_Enterprise_h2/GCA_052939435.1_Enterprise_h2_genomic.gff.gz	https://ftp.ncbi.nlm.nih.gov/genomes/all/GCA/052/939/435/GCA_052939435.1_Enterprise_h2/GCA_052939435.1_Enterprise_h2_genomic.gtf.gz	Phytozome 暂不下载，仅后续记录可用性
完整：清单、文件、中文 README 都存在	Malus domestica	apple	GCF_042453785.1	GDT2T_hap1	Complete Genome	NCBI RefSeq		PRJNA1194184	Malus_domestica_GCF_042453785.1	yes	yes	yes	yes	yes	0	202627770	15731413	15412463	233776090	Malus_domestica_GCF_042453785.1/genome/GCF_042453785.1_GDT2T_hap1_genomic.fna.gz	Malus_domestica_GCF_042453785.1/annotation/GCF_042453785.1_GDT2T_hap1_genomic.gff.gz	Malus_domestica_GCF_042453785.1/annotation/GCF_042453785.1_GDT2T_hap1_genomic.gtf.gz	https://ftp.ncbi.nlm.nih.gov/genomes/all/GCF/042/453/785/GCF_042453785.1_GDT2T_hap1/GCF_042453785.1_GDT2T_hap1_genomic.fna.gz	https://ftp.ncbi.nlm.nih.gov/genomes/all/GCF/042/453/785/GCF_042453785.1_GDT2T_hap1/GCF_042453785.1_GDT2T_hap1_genomic.gff.gz	https://ftp.ncbi.nlm.nih.gov/genomes/all/GCF/042/453/785/GCF_042453785.1_GDT2T_hap1/GCF_042453785.1_GDT2T_hap1_genomic.gtf.gz	Phytozome 暂不下载，仅后续记录可用性
完整：清单、文件、中文 README 都存在	Manihot esculenta	cassava	GCF_001659605.2	M.esculenta_v8	Chromosome	NCBI RefSeq	AM560-2	PRJNA394209	Manihot_esculenta_GCF_001659605.2	yes	yes	yes	yes	yes	0	188402359	11770716	11454261	211631882	Manihot_esculenta_GCF_001659605.2/genome/GCF_001659605.2_M.esculenta_v8_genomic.fna.gz	Manihot_esculenta_GCF_001659605.2/annotation/GCF_001659605.2_M.esculenta_v8_genomic.gff.gz	Manihot_esculenta_GCF_001659605.2/annotation/GCF_001659605.2_M.esculenta_v8_genomic.gtf.gz	https://ftp.ncbi.nlm.nih.gov/genomes/all/GCF/001/659/605/GCF_001659605.2_M.esculenta_v8/GCF_001659605.2_M.esculenta_v8_genomic.fna.gz	https://ftp.ncbi.nlm.nih.gov/genomes/all/GCF/001/659/605/GCF_001659605.2_M.esculenta_v8/GCF_001659605.2_M.esculenta_v8_genomic.gff.gz	https://ftp.ncbi.nlm.nih.gov/genomes/all/GCF/001/659/605/GCF_001659605.2_M.esculenta_v8/GCF_001659605.2_M.esculenta_v8_genomic.gtf.gz	Phytozome 暂不下载，仅后续记录可用性
完整：清单、文件、中文 README 都存在	Musa acuminata	banana	GCA_904067035.1	dh_pahang_v3_assembly	Chromosome	NCBI GenBank		PRJEB33461	Musa_acuminata_GCA_904067035.1	yes	yes	yes	yes	yes	0	142016836	4974689	4655814	151652090	Musa_acuminata_GCA_904067035.1/genome/GCA_904067035.1_dh_pahang_v3_assembly_genomic.fna.gz	Musa_acuminata_GCA_904067035.1/annotation/GCA_904067035.1_dh_pahang_v3_assembly_genomic.gff.gz	Musa_acuminata_GCA_904067035.1/annotation/GCA_904067035.1_dh_pahang_v3_assembly_genomic.gtf.gz	https://ftp.ncbi.nlm.nih.gov/genomes/all/GCA/904/067/035/GCA_904067035.1_dh_pahang_v3_assembly/GCA_904067035.1_dh_pahang_v3_assembly_genomic.fna.gz	https://ftp.ncbi.nlm.nih.gov/genomes/all/GCA/904/067/035/GCA_904067035.1_dh_pahang_v3_assembly/GCA_904067035.1_dh_pahang_v3_assembly_genomic.gff.gz	https://ftp.ncbi.nlm.nih.gov/genomes/all/GCA/904/067/035/GCA_904067035.1_dh_pahang_v3_assembly/GCA_904067035.1_dh_pahang_v3_assembly_genomic.gtf.gz	Phytozome 暂不下载，仅后续记录可用性
完整：清单、文件、中文 README 都存在	Musa acuminata	banana	GCA_964270305.1	MAZEB_v1	Chromosome	NCBI GenBank		PRJEB73719	Musa_acuminata_GCA_964270305.1	yes	yes	yes	yes	yes	0	163935997	4842681	4610195	173393247	Musa_acuminata_GCA_964270305.1/genome/GCA_964270305.1_MAZEB_v1_genomic.fna.gz	Musa_acuminata_GCA_964270305.1/annotation/GCA_964270305.1_MAZEB_v1_genomic.gff.gz	Musa_acuminata_GCA_964270305.1/annotation/GCA_964270305.1_MAZEB_v1_genomic.gtf.gz	https://ftp.ncbi.nlm.nih.gov/genomes/all/GCA/964/270/305/GCA_964270305.1_MAZEB_v1/GCA_964270305.1_MAZEB_v1_genomic.fna.gz	https://ftp.ncbi.nlm.nih.gov/genomes/all/GCA/964/270/305/GCA_964270305.1_MAZEB_v1/GCA_964270305.1_MAZEB_v1_genomic.gff.gz	https://ftp.ncbi.nlm.nih.gov/genomes/all/GCA/964/270/305/GCA_964270305.1_MAZEB_v1/GCA_964270305.1_MAZEB_v1_genomic.gtf.gz	Phytozome 暂不下载，仅后续记录可用性
完整：清单、文件、中文 README 都存在	Musa acuminata	banana	GCA_964275165.1	MABUR_v1	Chromosome	NCBI GenBank		PRJEB73814	Musa_acuminata_GCA_964275165.1	yes	yes	yes	yes	yes	0	152588484	5054722	4732906	162380486	Musa_acuminata_GCA_964275165.1/genome/GCA_964275165.1_MABUR_v1_genomic.fna.gz	Musa_acuminata_GCA_964275165.1/annotation/GCA_964275165.1_MABUR_v1_genomic.gff.gz	Musa_acuminata_GCA_964275165.1/annotation/GCA_964275165.1_MABUR_v1_genomic.gtf.gz	https://ftp.ncbi.nlm.nih.gov/genomes/all/GCA/964/275/165/GCA_964275165.1_MABUR_v1/GCA_964275165.1_MABUR_v1_genomic.fna.gz	https://ftp.ncbi.nlm.nih.gov/genomes/all/GCA/964/275/165/GCA_964275165.1_MABUR_v1/GCA_964275165.1_MABUR_v1_genomic.gff.gz	https://ftp.ncbi.nlm.nih.gov/genomes/all/GCA/964/275/165/GCA_964275165.1_MABUR_v1/GCA_964275165.1_MABUR_v1_genomic.gtf.gz	Phytozome 暂不下载，仅后续记录可用性
完整：清单、文件、中文 README 都存在	Musa acuminata	banana	GCF_036884655.1	Cavendish_Baxijiao_AAA	Chromosome	NCBI RefSeq	baxijiao	PRJNA1104664	Musa_acuminata_GCF_036884655.1	yes	yes	yes	yes	yes	0	443757901	36736273	34152696	514651659	Musa_acuminata_GCF_036884655.1/genome/GCF_036884655.1_Cavendish_Baxijiao_AAA_genomic.fna.gz	Musa_acuminata_GCF_036884655.1/annotation/GCF_036884655.1_Cavendish_Baxijiao_AAA_genomic.gff.gz	Musa_acuminata_GCF_036884655.1/annotation/GCF_036884655.1_Cavendish_Baxijiao_AAA_genomic.gtf.gz	https://ftp.ncbi.nlm.nih.gov/genomes/all/GCF/036/884/655/GCF_036884655.1_Cavendish_Baxijiao_AAA/GCF_036884655.1_Cavendish_Baxijiao_AAA_genomic.fna.gz	https://ftp.ncbi.nlm.nih.gov/genomes/all/GCF/036/884/655/GCF_036884655.1_Cavendish_Baxijiao_AAA/GCF_036884655.1_Cavendish_Baxijiao_AAA_genomic.gff.gz	https://ftp.ncbi.nlm.nih.gov/genomes/all/GCF/036/884/655/GCF_036884655.1_Cavendish_Baxijiao_AAA/GCF_036884655.1_Cavendish_Baxijiao_AAA_genomic.gtf.gz	Phytozome 暂不下载，仅后续记录可用性
完整：清单、文件、中文 README 都存在	Oryza sativa	rice	GCA_000004655.2	ASM465v1	Chromosome	NCBI GenBank	93-11	PRJNA361	Oryza_sativa_GCA_000004655.2	yes	yes	yes	yes	yes	0	129456545	7954631	8010365	145425878	Oryza_sativa_GCA_000004655.2/genome/GCA_000004655.2_ASM465v1_genomic.fna.gz	Oryza_sativa_GCA_000004655.2/annotation/GCA_000004655.2_ASM465v1_genomic.gff.gz	Oryza_sativa_GCA_000004655.2/annotation/GCA_000004655.2_ASM465v1_genomic.gtf.gz	https://ftp.ncbi.nlm.nih.gov/genomes/all/GCA/000/004/655/GCA_000004655.2_ASM465v1/GCA_000004655.2_ASM465v1_genomic.fna.gz	https://ftp.ncbi.nlm.nih.gov/genomes/all/GCA/000/004/655/GCA_000004655.2_ASM465v1/GCA_000004655.2_ASM465v1_genomic.gff.gz	https://ftp.ncbi.nlm.nih.gov/genomes/all/GCA/000/004/655/GCA_000004655.2_ASM465v1/GCA_000004655.2_ASM465v1_genomic.gtf.gz	Phytozome 暂不下载，仅后续记录可用性
完整：清单、文件、中文 README 都存在	Oryza sativa	rice	GCA_000005425.2	Build 4.0	Chromosome	NCBI GenBank	Nipponbare	PRJNA13141	Oryza_sativa_GCA_000005425.2	yes	yes	yes	yes	yes	0	118352118	12515990	6166579	137039062	Oryza_sativa_GCA_000005425.2/genome/GCA_000005425.2_Build_4.0_genomic.fna.gz	Oryza_sativa_GCA_000005425.2/annotation/GCA_000005425.2_Build_4.0_genomic.gff.gz	Oryza_sativa_GCA_000005425.2/annotation/GCA_000005425.2_Build_4.0_genomic.gtf.gz	https://ftp.ncbi.nlm.nih.gov/genomes/all/GCA/000/005/425/GCA_000005425.2_Build_4.0/GCA_000005425.2_Build_4.0_genomic.fna.gz	https://ftp.ncbi.nlm.nih.gov/genomes/all/GCA/000/005/425/GCA_000005425.2_Build_4.0/GCA_000005425.2_Build_4.0_genomic.gff.gz	https://ftp.ncbi.nlm.nih.gov/genomes/all/GCA/000/005/425/GCA_000005425.2_Build_4.0/GCA_000005425.2_Build_4.0_genomic.gtf.gz	Phytozome 暂不下载，仅后续记录可用性
完整：清单、文件、中文 README 都存在	Oryza sativa	rice	GCA_000149285.1	OrySat_Sep2003	Chromosome	NCBI GenBank	Nipponbare	PRJNA13139	Oryza_sativa_GCA_000149285.1	yes	yes	yes	yes	yes	0	119612454	7619137	7748615	134984724	Oryza_sativa_GCA_000149285.1/genome/GCA_000149285.1_OrySat_Sep2003_genomic.fna.gz	Oryza_sativa_GCA_000149285.1/annotation/GCA_000149285.1_OrySat_Sep2003_genomic.gff.gz	Oryza_sativa_GCA_000149285.1/annotation/GCA_000149285.1_OrySat_Sep2003_genomic.gtf.gz	https://ftp.ncbi.nlm.nih.gov/genomes/all/GCA/000/149/285/GCA_000149285.1_OrySat_Sep2003/GCA_000149285.1_OrySat_Sep2003_genomic.fna.gz	https://ftp.ncbi.nlm.nih.gov/genomes/all/GCA/000/149/285/GCA_000149285.1_OrySat_Sep2003/GCA_000149285.1_OrySat_Sep2003_genomic.gff.gz	https://ftp.ncbi.nlm.nih.gov/genomes/all/GCA/000/149/285/GCA_000149285.1_OrySat_Sep2003/GCA_000149285.1_OrySat_Sep2003_genomic.gtf.gz	Phytozome 暂不下载，仅后续记录可用性
完整：清单、文件、中文 README 都存在	Oryza sativa	rice	GCA_001433935.1	IRGSP-1.0	Chromosome	NCBI GenBank	Nipponbare	PRJDB1747	Oryza_sativa_GCA_001433935.1	yes	yes	yes	yes	yes	0	118730868	5622452	6226150	130583842	Oryza_sativa_GCA_001433935.1/genome/GCA_001433935.1_IRGSP-1.0_genomic.fna.gz	Oryza_sativa_GCA_001433935.1/annotation/GCA_001433935.1_IRGSP-1.0_genomic.gff.gz	Oryza_sativa_GCA_001433935.1/annotation/GCA_001433935.1_IRGSP-1.0_genomic.gtf.gz	https://ftp.ncbi.nlm.nih.gov/genomes/all/GCA/001/433/935/GCA_001433935.1_IRGSP-1.0/GCA_001433935.1_IRGSP-1.0_genomic.fna.gz	https://ftp.ncbi.nlm.nih.gov/genomes/all/GCA/001/433/935/GCA_001433935.1_IRGSP-1.0/GCA_001433935.1_IRGSP-1.0_genomic.gff.gz	https://ftp.ncbi.nlm.nih.gov/genomes/all/GCA/001/433/935/GCA_001433935.1_IRGSP-1.0/GCA_001433935.1_IRGSP-1.0_genomic.gtf.gz	Phytozome 暂不下载，仅后续记录可用性
完整：清单、文件、中文 README 都存在	Oryza sativa	rice	GCA_004007595.1	JHU_CGRice_1.0	Chromosome	NCBI GenBank	Carolina Gold Select	PRJNA503892	Oryza_sativa_GCA_004007595.1	yes	yes	yes	yes	yes	0	120613765	9395919	9277722	139291932	Oryza_sativa_GCA_004007595.1/genome/GCA_004007595.1_JHU_CGRice_1.0_genomic.fna.gz	Oryza_sativa_GCA_004007595.1/annotation/GCA_004007595.1_JHU_CGRice_1.0_genomic.gff.gz	Oryza_sativa_GCA_004007595.1/annotation/GCA_004007595.1_JHU_CGRice_1.0_genomic.gtf.gz	https://ftp.ncbi.nlm.nih.gov/genomes/all/GCA/004/007/595/GCA_004007595.1_JHU_CGRice_1.0/GCA_004007595.1_JHU_CGRice_1.0_genomic.fna.gz	https://ftp.ncbi.nlm.nih.gov/genomes/all/GCA/004/007/595/GCA_004007595.1_JHU_CGRice_1.0/GCA_004007595.1_JHU_CGRice_1.0_genomic.gff.gz	https://ftp.ncbi.nlm.nih.gov/genomes/all/GCA/004/007/595/GCA_004007595.1_JHU_CGRice_1.0/GCA_004007595.1_JHU_CGRice_1.0_genomic.gtf.gz	Phytozome 暂不下载，仅后续记录可用性
完整：清单、文件、中文 README 都存在	Oryza sativa	rice	GCA_004295705.1	ASM429570v1	Chromosome	NCBI GenBank	Nipponbare	PRJNA13141	Oryza_sativa_GCA_004295705.1	yes	yes	yes	yes	yes	0	13807513	1495828	1353552	16661322	Oryza_sativa_GCA_004295705.1/genome/GCA_004295705.1_ASM429570v1_genomic.fna.gz	Oryza_sativa_GCA_004295705.1/annotation/GCA_004295705.1_ASM429570v1_genomic.gff.gz	Oryza_sativa_GCA_004295705.1/annotation/GCA_004295705.1_ASM429570v1_genomic.gtf.gz	https://ftp.ncbi.nlm.nih.gov/genomes/all/GCA/004/295/705/GCA_004295705.1_ASM429570v1/GCA_004295705.1_ASM429570v1_genomic.fna.gz	https://ftp.ncbi.nlm.nih.gov/genomes/all/GCA/004/295/705/GCA_004295705.1_ASM429570v1/GCA_004295705.1_ASM429570v1_genomic.gff.gz	https://ftp.ncbi.nlm.nih.gov/genomes/all/GCA/004/295/705/GCA_004295705.1_ASM429570v1/GCA_004295705.1_ASM429570v1_genomic.gtf.gz	Phytozome 暂不下载，仅后续记录可用性
完整：清单、文件、中文 README 都存在	Oryza sativa	rice	GCA_009797565.1	Osativa_Kitaake_v2.0	Chromosome	NCBI GenBank	Kitaake	PRJNA448171	Oryza_sativa_GCA_009797565.1	yes	yes	yes	yes	yes	0	119594229	8081210	8326054	136006183	Oryza_sativa_GCA_009797565.1/genome/GCA_009797565.1_Osativa_Kitaake_v2.0_genomic.fna.gz	Oryza_sativa_GCA_009797565.1/annotation/GCA_009797565.1_Osativa_Kitaake_v2.0_genomic.gff.gz	Oryza_sativa_GCA_009797565.1/annotation/GCA_009797565.1_Osativa_Kitaake_v2.0_genomic.gtf.gz	https://ftp.ncbi.nlm.nih.gov/genomes/all/GCA/009/797/565/GCA_009797565.1_Osativa_Kitaake_v2.0/GCA_009797565.1_Osativa_Kitaake_v2.0_genomic.fna.gz	https://ftp.ncbi.nlm.nih.gov/genomes/all/GCA/009/797/565/GCA_009797565.1_Osativa_Kitaake_v2.0/GCA_009797565.1_Osativa_Kitaake_v2.0_genomic.gff.gz	https://ftp.ncbi.nlm.nih.gov/genomes/all/GCA/009/797/565/GCA_009797565.1_Osativa_Kitaake_v2.0/GCA_009797565.1_Osativa_Kitaake_v2.0_genomic.gtf.gz	Phytozome 暂不下载，仅后续记录可用性
基本完整：文件存在，但清单或 README 需要复核	Oryza sativa	rice	GCF_034140825.1	AGIS1.0	Complete Genome	NCBI RefSeq		PRJNA1123306	Oryza_sativa_GCF_034140825.1	yes	yes	yes	yes	yes	0	120268131	11393192	11378424	143044198	Oryza_sativa_GCF_034140825.1/genome/GCF_034140825.1_ASM3414082v1_genomic.fna.gz	Oryza_sativa_GCF_034140825.1/annotation/GCF_034140825.1_ASM3414082v1_genomic.gff.gz	Oryza_sativa_GCF_034140825.1/annotation/GCF_034140825.1_ASM3414082v1_genomic.gtf.gz	https://ftp.ncbi.nlm.nih.gov/genomes/all/GCF/034/140/825/GCF_034140825.1_ASM3414082v1/GCF_034140825.1_ASM3414082v1_genomic.fna.gz	https://ftp.ncbi.nlm.nih.gov/genomes/all/GCF/034/140/825/GCF_034140825.1_ASM3414082v1/GCF_034140825.1_ASM3414082v1_genomic.gff.gz	https://ftp.ncbi.nlm.nih.gov/genomes/all/GCF/034/140/825/GCF_034140825.1_ASM3414082v1/GCF_034140825.1_ASM3414082v1_genomic.gtf.gz	Phytozome 暂不下载，仅后续记录可用性
完整：清单、文件、中文 README 都存在	Phaseolus vulgaris	common bean	GCA_051991295.1	CIAT_INB841_v1.0	Chromosome	NCBI GenBank	Mesoamerican; INB_841	PRJNA1291809	Phaseolus_vulgaris_GCA_051991295.1	yes	yes	yes	yes	yes	0	171072262	18005574	5681568	194764064	Phaseolus_vulgaris_GCA_051991295.1/genome/GCA_051991295.1_CIAT_INB841_v1.0_genomic.fna.gz	Phaseolus_vulgaris_GCA_051991295.1/annotation/GCA_051991295.1_CIAT_INB841_v1.0_genomic.gff.gz	Phaseolus_vulgaris_GCA_051991295.1/annotation/GCA_051991295.1_CIAT_INB841_v1.0_genomic.gtf.gz	https://ftp.ncbi.nlm.nih.gov/genomes/all/GCA/051/991/295/GCA_051991295.1_CIAT_INB841_v1.0/GCA_051991295.1_CIAT_INB841_v1.0_genomic.fna.gz	https://ftp.ncbi.nlm.nih.gov/genomes/all/GCA/051/991/295/GCA_051991295.1_CIAT_INB841_v1.0/GCA_051991295.1_CIAT_INB841_v1.0_genomic.gff.gz	https://ftp.ncbi.nlm.nih.gov/genomes/all/GCA/051/991/295/GCA_051991295.1_CIAT_INB841_v1.0/GCA_051991295.1_CIAT_INB841_v1.0_genomic.gtf.gz	Phytozome 暂不下载，仅后续记录可用性
完整：清单、文件、中文 README 都存在	Phaseolus vulgaris	common bean	GCF_000499845.2	P. vulgaris v2.0	Chromosome	NCBI RefSeq	G19833	PRJNA240798	Phaseolus_vulgaris_GCF_000499845.2	yes	yes	yes	yes	yes	0	165253097	9779782	9780740	184818258	Phaseolus_vulgaris_GCF_000499845.2/genome/GCF_000499845.2_P._vulgaris_v2.0_genomic.fna.gz	Phaseolus_vulgaris_GCF_000499845.2/annotation/GCF_000499845.2_P._vulgaris_v2.0_genomic.gff.gz	Phaseolus_vulgaris_GCF_000499845.2/annotation/GCF_000499845.2_P._vulgaris_v2.0_genomic.gtf.gz	https://ftp.ncbi.nlm.nih.gov/genomes/all/GCF/000/499/845/GCF_000499845.2_P._vulgaris_v2.0/GCF_000499845.2_P._vulgaris_v2.0_genomic.fna.gz	https://ftp.ncbi.nlm.nih.gov/genomes/all/GCF/000/499/845/GCF_000499845.2_P._vulgaris_v2.0/GCF_000499845.2_P._vulgaris_v2.0_genomic.gff.gz	https://ftp.ncbi.nlm.nih.gov/genomes/all/GCF/000/499/845/GCF_000499845.2_P._vulgaris_v2.0/GCF_000499845.2_P._vulgaris_v2.0_genomic.gtf.gz	Phytozome 暂不下载，仅后续记录可用性
完整：清单、文件、中文 README 都存在	Prunus persica	peach	GCA_022343065.3	PSovetskiy_1.0	Chromosome	NCBI GenBank	Sovetskiy	PRJNA742656	Prunus_persica_GCA_022343065.3	yes	yes	yes	yes	yes	0	62961658	16294	8034	62990529	Prunus_persica_GCA_022343065.3/genome/GCA_022343065.3_PSovetskiy_1.0_genomic.fna.gz	Prunus_persica_GCA_022343065.3/annotation/GCA_022343065.3_PSovetskiy_1.0_genomic.gff.gz	Prunus_persica_GCA_022343065.3/annotation/GCA_022343065.3_PSovetskiy_1.0_genomic.gtf.gz	https://ftp.ncbi.nlm.nih.gov/genomes/all/GCA/022/343/065/GCA_022343065.3_PSovetskiy_1.0/GCA_022343065.3_PSovetskiy_1.0_genomic.fna.gz	https://ftp.ncbi.nlm.nih.gov/genomes/all/GCA/022/343/065/GCA_022343065.3_PSovetskiy_1.0/GCA_022343065.3_PSovetskiy_1.0_genomic.gff.gz	https://ftp.ncbi.nlm.nih.gov/genomes/all/GCA/022/343/065/GCA_022343065.3_PSovetskiy_1.0/GCA_022343065.3_PSovetskiy_1.0_genomic.gtf.gz	Phytozome 暂不下载，仅后续记录可用性
完整：清单、文件、中文 README 都存在	Prunus persica	peach	GCF_000346465.2	Prunus_persica_NCBIv2	Chromosome	NCBI RefSeq	Lovell	PRJNA241430	Prunus_persica_GCF_000346465.2	yes	yes	yes	yes	yes	0	69891242	7699257	7529597	85124840	Prunus_persica_GCF_000346465.2/genome/GCF_000346465.2_Prunus_persica_NCBIv2_genomic.fna.gz	Prunus_persica_GCF_000346465.2/annotation/GCF_000346465.2_Prunus_persica_NCBIv2_genomic.gff.gz	Prunus_persica_GCF_000346465.2/annotation/GCF_000346465.2_Prunus_persica_NCBIv2_genomic.gtf.gz	https://ftp.ncbi.nlm.nih.gov/genomes/all/GCF/000/346/465/GCF_000346465.2_Prunus_persica_NCBIv2/GCF_000346465.2_Prunus_persica_NCBIv2_genomic.fna.gz	https://ftp.ncbi.nlm.nih.gov/genomes/all/GCF/000/346/465/GCF_000346465.2_Prunus_persica_NCBIv2/GCF_000346465.2_Prunus_persica_NCBIv2_genomic.gff.gz	https://ftp.ncbi.nlm.nih.gov/genomes/all/GCF/000/346/465/GCF_000346465.2_Prunus_persica_NCBIv2/GCF_000346465.2_Prunus_persica_NCBIv2_genomic.gtf.gz	Phytozome 暂不下载，仅后续记录可用性
完整：清单、文件、中文 README 都存在	Setaria italica	foxtail millet	GCF_000263155.2	Setaria_italica_v2.0	Chromosome	NCBI RefSeq	strain=Yugu1	PRJNA207554	Setaria_italica_GCF_000263155.2	yes	yes	yes	yes	yes	0	127656729	8636775	8391638	144689876	Setaria_italica_GCF_000263155.2/genome/GCF_000263155.2_Setaria_italica_v2.0_genomic.fna.gz	Setaria_italica_GCF_000263155.2/annotation/GCF_000263155.2_Setaria_italica_v2.0_genomic.gff.gz	Setaria_italica_GCF_000263155.2/annotation/GCF_000263155.2_Setaria_italica_v2.0_genomic.gtf.gz	https://ftp.ncbi.nlm.nih.gov/genomes/all/GCF/000/263/155/GCF_000263155.2_Setaria_italica_v2.0/GCF_000263155.2_Setaria_italica_v2.0_genomic.fna.gz	https://ftp.ncbi.nlm.nih.gov/genomes/all/GCF/000/263/155/GCF_000263155.2_Setaria_italica_v2.0/GCF_000263155.2_Setaria_italica_v2.0_genomic.gff.gz	https://ftp.ncbi.nlm.nih.gov/genomes/all/GCF/000/263/155/GCF_000263155.2_Setaria_italica_v2.0/GCF_000263155.2_Setaria_italica_v2.0_genomic.gtf.gz	Phytozome 暂不下载，仅后续记录可用性
基本完整：文件存在，但清单或 README 需要复核	Solanum lycopersicum	tomato	GCA_000181095.1	ASM18109v1	Scaffold	NCBI GenBank	strain=Heinz 1706	PRJNA41343	Solanum_lycopersicum_GCA_000181095.1	yes	yes	no	no	no	0	175791195	3619150	0	179411798	Solanum_lycopersicum_GCA_000181095.1/genome/GCA_000181095.1_ASM18109v1_genomic.fna.gz	Solanum_lycopersicum_GCA_000181095.1/annotation/GCA_000181095.1_ASM18109v1_genomic.gff.gz		https://ftp.ncbi.nlm.nih.gov/genomes/all/GCA/000/181/095/GCA_000181095.1_ASM18109v1/GCA_000181095.1_ASM18109v1_genomic.fna.gz	https://ftp.ncbi.nlm.nih.gov/genomes/all/GCA/000/181/095/GCA_000181095.1_ASM18109v1/GCA_000181095.1_ASM18109v1_genomic.gff.gz	https://ftp.ncbi.nlm.nih.gov/genomes/all/GCA/000/181/095/GCA_000181095.1_ASM18109v1/GCA_000181095.1_ASM18109v1_genomic.gtf.gz	Phytozome 暂不下载，仅后续记录可用性
完整：清单、文件、中文 README 都存在	Solanum lycopersicum	tomato	GCF_036512215.1	SLM_r2.1	Chromosome	NCBI RefSeq		PRJNA1160886	Solanum_lycopersicum_GCF_036512215.1	yes	yes	yes	yes	yes	0	251506441	11639146	11371979	274521944	Solanum_lycopersicum_GCF_036512215.1/genome/GCF_036512215.1_SLM_r2.1_genomic.fna.gz	Solanum_lycopersicum_GCF_036512215.1/annotation/GCF_036512215.1_SLM_r2.1_genomic.gff.gz	Solanum_lycopersicum_GCF_036512215.1/annotation/GCF_036512215.1_SLM_r2.1_genomic.gtf.gz	https://ftp.ncbi.nlm.nih.gov/genomes/all/GCF/036/512/215/GCF_036512215.1_SLM_r2.1/GCF_036512215.1_SLM_r2.1_genomic.fna.gz	https://ftp.ncbi.nlm.nih.gov/genomes/all/GCF/036/512/215/GCF_036512215.1_SLM_r2.1/GCF_036512215.1_SLM_r2.1_genomic.gff.gz	https://ftp.ncbi.nlm.nih.gov/genomes/all/GCF/036/512/215/GCF_036512215.1_SLM_r2.1/GCF_036512215.1_SLM_r2.1_genomic.gtf.gz	Phytozome 暂不下载，仅后续记录可用性
完整：清单、文件、中文 README 都存在	Solanum tuberosum	potato	GCA_020169535.1	solTubStieglitzHap2	Chromosome	NCBI GenBank	Otava; solTubOtavaFocal	PRJNA748002	Solanum_tuberosum_GCA_020169535.1	yes	yes	yes	yes	yes	0	230278639	5653251	6091756	242028351	Solanum_tuberosum_GCA_020169535.1/genome/GCA_020169535.1_solTubStieglitzHap2_genomic.fna.gz	Solanum_tuberosum_GCA_020169535.1/annotation/GCA_020169535.1_solTubStieglitzHap2_genomic.gff.gz	Solanum_tuberosum_GCA_020169535.1/annotation/GCA_020169535.1_solTubStieglitzHap2_genomic.gtf.gz	https://ftp.ncbi.nlm.nih.gov/genomes/all/GCA/020/169/535/GCA_020169535.1_solTubStieglitzHap2/GCA_020169535.1_solTubStieglitzHap2_genomic.fna.gz	https://ftp.ncbi.nlm.nih.gov/genomes/all/GCA/020/169/535/GCA_020169535.1_solTubStieglitzHap2/GCA_020169535.1_solTubStieglitzHap2_genomic.gff.gz	https://ftp.ncbi.nlm.nih.gov/genomes/all/GCA/020/169/535/GCA_020169535.1_solTubStieglitzHap2/GCA_020169535.1_solTubStieglitzHap2_genomic.gtf.gz	Phytozome 暂不下载，仅后续记录可用性
完整：清单、文件、中文 README 都存在	Solanum tuberosum	potato	GCA_020169555.1	solTubStieglitzHap1	Chromosome	NCBI GenBank	Otava; solTubOtavaFocal	PRJNA748001	Solanum_tuberosum_GCA_020169555.1	yes	yes	yes	yes	yes	0	235698867	5607202	6045161	247355935	Solanum_tuberosum_GCA_020169555.1/genome/GCA_020169555.1_solTubStieglitzHap1_genomic.fna.gz	Solanum_tuberosum_GCA_020169555.1/annotation/GCA_020169555.1_solTubStieglitzHap1_genomic.gff.gz	Solanum_tuberosum_GCA_020169555.1/annotation/GCA_020169555.1_solTubStieglitzHap1_genomic.gtf.gz	https://ftp.ncbi.nlm.nih.gov/genomes/all/GCA/020/169/555/GCA_020169555.1_solTubStieglitzHap1/GCA_020169555.1_solTubStieglitzHap1_genomic.fna.gz	https://ftp.ncbi.nlm.nih.gov/genomes/all/GCA/020/169/555/GCA_020169555.1_solTubStieglitzHap1/GCA_020169555.1_solTubStieglitzHap1_genomic.gff.gz	https://ftp.ncbi.nlm.nih.gov/genomes/all/GCA/020/169/555/GCA_020169555.1_solTubStieglitzHap1/GCA_020169555.1_solTubStieglitzHap1_genomic.gtf.gz	Phytozome 暂不下载，仅后续记录可用性
完整：清单、文件、中文 README 都存在	Solanum tuberosum	potato	GCA_020169575.1	solTubHeraHap2	Chromosome	NCBI GenBank	Otava; solTubOtavaFocal	PRJNA747998	Solanum_tuberosum_GCA_020169575.1	yes	yes	yes	yes	yes	0	235864014	5584512	6020158	247473244	Solanum_tuberosum_GCA_020169575.1/genome/GCA_020169575.1_solTubHeraHap2_genomic.fna.gz	Solanum_tuberosum_GCA_020169575.1/annotation/GCA_020169575.1_solTubHeraHap2_genomic.gff.gz	Solanum_tuberosum_GCA_020169575.1/annotation/GCA_020169575.1_solTubHeraHap2_genomic.gtf.gz	https://ftp.ncbi.nlm.nih.gov/genomes/all/GCA/020/169/575/GCA_020169575.1_solTubHeraHap2/GCA_020169575.1_solTubHeraHap2_genomic.fna.gz	https://ftp.ncbi.nlm.nih.gov/genomes/all/GCA/020/169/575/GCA_020169575.1_solTubHeraHap2/GCA_020169575.1_solTubHeraHap2_genomic.gff.gz	https://ftp.ncbi.nlm.nih.gov/genomes/all/GCA/020/169/575/GCA_020169575.1_solTubHeraHap2/GCA_020169575.1_solTubHeraHap2_genomic.gtf.gz	Phytozome 暂不下载，仅后续记录可用性
完整：清单、文件、中文 README 都存在	Solanum tuberosum	potato	GCA_020169585.1	solTubHeraHap1	Chromosome	NCBI GenBank	Otava; solTubOtavaFocal	PRJNA747997	Solanum_tuberosum_GCA_020169585.1	yes	yes	yes	yes	yes	0	231818523	5607830	6049156	243480069	Solanum_tuberosum_GCA_020169585.1/genome/GCA_020169585.1_solTubHeraHap1_genomic.fna.gz	Solanum_tuberosum_GCA_020169585.1/annotation/GCA_020169585.1_solTubHeraHap1_genomic.gff.gz	Solanum_tuberosum_GCA_020169585.1/annotation/GCA_020169585.1_solTubHeraHap1_genomic.gtf.gz	https://ftp.ncbi.nlm.nih.gov/genomes/all/GCA/020/169/585/GCA_020169585.1_solTubHeraHap1/GCA_020169585.1_solTubHeraHap1_genomic.fna.gz	https://ftp.ncbi.nlm.nih.gov/genomes/all/GCA/020/169/585/GCA_020169585.1_solTubHeraHap1/GCA_020169585.1_solTubHeraHap1_genomic.gff.gz	https://ftp.ncbi.nlm.nih.gov/genomes/all/GCA/020/169/585/GCA_020169585.1_solTubHeraHap1/GCA_020169585.1_solTubHeraHap1_genomic.gtf.gz	Phytozome 暂不下载，仅后续记录可用性
完整：清单、文件、中文 README 都存在	Solanum tuberosum	potato	GCF_000226075.1	SolTub_3.0	Scaffold	NCBI RefSeq	DM 1-3 516 R44	PRJNA225997	Solanum_tuberosum_GCF_000226075.1	yes	yes	yes	yes	yes	0	210303167	9811950	9507950	229627493	Solanum_tuberosum_GCF_000226075.1/genome/GCF_000226075.1_SolTub_3.0_genomic.fna.gz	Solanum_tuberosum_GCF_000226075.1/annotation/GCF_000226075.1_SolTub_3.0_genomic.gff.gz	Solanum_tuberosum_GCF_000226075.1/annotation/GCF_000226075.1_SolTub_3.0_genomic.gtf.gz	https://ftp.ncbi.nlm.nih.gov/genomes/all/GCF/000/226/075/GCF_000226075.1_SolTub_3.0/GCF_000226075.1_SolTub_3.0_genomic.fna.gz	https://ftp.ncbi.nlm.nih.gov/genomes/all/GCF/000/226/075/GCF_000226075.1_SolTub_3.0/GCF_000226075.1_SolTub_3.0_genomic.gff.gz	https://ftp.ncbi.nlm.nih.gov/genomes/all/GCF/000/226/075/GCF_000226075.1_SolTub_3.0/GCF_000226075.1_SolTub_3.0_genomic.gtf.gz	Phytozome 暂不下载，仅后续记录可用性
完整：清单、文件、中文 README 都存在	Sorghum bicolor	sorghum	GCA_000236725.2	ASM23672v2	Contig	NCBI GenBank	Keller	PRJNA74553	Sorghum_bicolor_GCA_000236725.2	yes	yes	yes	yes	yes	0	6466	3576	2510	16943	Sorghum_bicolor_GCA_000236725.2/genome/GCA_000236725.2_ASM23672v2_genomic.fna.gz	Sorghum_bicolor_GCA_000236725.2/annotation/GCA_000236725.2_ASM23672v2_genomic.gff.gz	Sorghum_bicolor_GCA_000236725.2/annotation/GCA_000236725.2_ASM23672v2_genomic.gtf.gz	https://ftp.ncbi.nlm.nih.gov/genomes/all/GCA/000/236/725/GCA_000236725.2_ASM23672v2/GCA_000236725.2_ASM23672v2_genomic.fna.gz	https://ftp.ncbi.nlm.nih.gov/genomes/all/GCA/000/236/725/GCA_000236725.2_ASM23672v2/GCA_000236725.2_ASM23672v2_genomic.gff.gz	https://ftp.ncbi.nlm.nih.gov/genomes/all/GCA/000/236/725/GCA_000236725.2_ASM23672v2/GCA_000236725.2_ASM23672v2_genomic.gtf.gz	Phytozome 暂不下载，仅后续记录可用性
完整：清单、文件、中文 README 都存在	Sorghum bicolor	sorghum	GCA_000236745.2	ASM23674v2	Contig	NCBI GenBank	Ji2731	PRJNA74553	Sorghum_bicolor_GCA_000236745.2	yes	yes	yes	yes	yes	0	7720	5678	4221	22010	Sorghum_bicolor_GCA_000236745.2/genome/GCA_000236745.2_ASM23674v2_genomic.fna.gz	Sorghum_bicolor_GCA_000236745.2/annotation/GCA_000236745.2_ASM23674v2_genomic.gff.gz	Sorghum_bicolor_GCA_000236745.2/annotation/GCA_000236745.2_ASM23674v2_genomic.gtf.gz	https://ftp.ncbi.nlm.nih.gov/genomes/all/GCA/000/236/745/GCA_000236745.2_ASM23674v2/GCA_000236745.2_ASM23674v2_genomic.fna.gz	https://ftp.ncbi.nlm.nih.gov/genomes/all/GCA/000/236/745/GCA_000236745.2_ASM23674v2/GCA_000236745.2_ASM23674v2_genomic.gff.gz	https://ftp.ncbi.nlm.nih.gov/genomes/all/GCA/000/236/745/GCA_000236745.2_ASM23674v2/GCA_000236745.2_ASM23674v2_genomic.gtf.gz	Phytozome 暂不下载，仅后续记录可用性
完整：清单、文件、中文 README 都存在	Sorghum bicolor	sorghum	GCA_000236765.2	ASM23676v2	Contig	NCBI GenBank	E-Tian	PRJNA74553	Sorghum_bicolor_GCA_000236765.2	yes	yes	yes	yes	yes	0	5563	3011	2243	15208	Sorghum_bicolor_GCA_000236765.2/genome/GCA_000236765.2_ASM23676v2_genomic.fna.gz	Sorghum_bicolor_GCA_000236765.2/annotation/GCA_000236765.2_ASM23676v2_genomic.gff.gz	Sorghum_bicolor_GCA_000236765.2/annotation/GCA_000236765.2_ASM23676v2_genomic.gtf.gz	https://ftp.ncbi.nlm.nih.gov/genomes/all/GCA/000/236/765/GCA_000236765.2_ASM23676v2/GCA_000236765.2_ASM23676v2_genomic.fna.gz	https://ftp.ncbi.nlm.nih.gov/genomes/all/GCA/000/236/765/GCA_000236765.2_ASM23676v2/GCA_000236765.2_ASM23676v2_genomic.gff.gz	https://ftp.ncbi.nlm.nih.gov/genomes/all/GCA/000/236/765/GCA_000236765.2_ASM23676v2/GCA_000236765.2_ASM23676v2_genomic.gtf.gz	Phytozome 暂不下载，仅后续记录可用性
完整：清单、文件、中文 README 都存在	Sorghum bicolor	sorghum	GCA_015952705.1	SbicolorRio_v2	Chromosome	NCBI GenBank	Rio	PRJNA331825	Sorghum_bicolor_GCA_015952705.1	yes	yes	yes	yes	yes	0	211705539	7209958	7560445	226480475	Sorghum_bicolor_GCA_015952705.1/genome/GCA_015952705.1_SbicolorRio_v2_genomic.fna.gz	Sorghum_bicolor_GCA_015952705.1/annotation/GCA_015952705.1_SbicolorRio_v2_genomic.gff.gz	Sorghum_bicolor_GCA_015952705.1/annotation/GCA_015952705.1_SbicolorRio_v2_genomic.gtf.gz	https://ftp.ncbi.nlm.nih.gov/genomes/all/GCA/015/952/705/GCA_015952705.1_SbicolorRio_v2/GCA_015952705.1_SbicolorRio_v2_genomic.fna.gz	https://ftp.ncbi.nlm.nih.gov/genomes/all/GCA/015/952/705/GCA_015952705.1_SbicolorRio_v2/GCA_015952705.1_SbicolorRio_v2_genomic.gff.gz	https://ftp.ncbi.nlm.nih.gov/genomes/all/GCA/015/952/705/GCA_015952705.1_SbicolorRio_v2/GCA_015952705.1_SbicolorRio_v2_genomic.gtf.gz	Phytozome 暂不下载，仅后续记录可用性
完整：清单、文件、中文 README 都存在	Sorghum bicolor	sorghum	GCF_000003195.3	Sorghum_bicolor_NCBIv3	Chromosome	NCBI RefSeq	BTx623	PRJNA38691	Sorghum_bicolor_GCF_000003195.3	yes	yes	yes	yes	yes	0	206099295	9324302	9064875	224493236	Sorghum_bicolor_GCF_000003195.3/genome/GCF_000003195.3_Sorghum_bicolor_NCBIv3_genomic.fna.gz	Sorghum_bicolor_GCF_000003195.3/annotation/GCF_000003195.3_Sorghum_bicolor_NCBIv3_genomic.gff.gz	Sorghum_bicolor_GCF_000003195.3/annotation/GCF_000003195.3_Sorghum_bicolor_NCBIv3_genomic.gtf.gz	https://ftp.ncbi.nlm.nih.gov/genomes/all/GCF/000/003/195/GCF_000003195.3_Sorghum_bicolor_NCBIv3/GCF_000003195.3_Sorghum_bicolor_NCBIv3_genomic.fna.gz	https://ftp.ncbi.nlm.nih.gov/genomes/all/GCF/000/003/195/GCF_000003195.3_Sorghum_bicolor_NCBIv3/GCF_000003195.3_Sorghum_bicolor_NCBIv3_genomic.gff.gz	https://ftp.ncbi.nlm.nih.gov/genomes/all/GCF/000/003/195/GCF_000003195.3_Sorghum_bicolor_NCBIv3/GCF_000003195.3_Sorghum_bicolor_NCBIv3_genomic.gtf.gz	Phytozome 暂不下载，仅后续记录可用性
完整：清单、文件、中文 README 都存在	Triticum aestivum	bread wheat	GCA_000210335.1	ASM21033v1	Chromosome	NCBI GenBank	Chinese Spring	PRJEA41525	Triticum_aestivum_GCA_000210335.1	yes	yes	yes	yes	yes	0	397487	15937	6492	424355	Triticum_aestivum_GCA_000210335.1/genome/GCA_000210335.1_ASM21033v1_genomic.fna.gz	Triticum_aestivum_GCA_000210335.1/annotation/GCA_000210335.1_ASM21033v1_genomic.gff.gz	Triticum_aestivum_GCA_000210335.1/annotation/GCA_000210335.1_ASM21033v1_genomic.gtf.gz	https://ftp.ncbi.nlm.nih.gov/genomes/all/GCA/000/210/335/GCA_000210335.1_ASM21033v1/GCA_000210335.1_ASM21033v1_genomic.fna.gz	https://ftp.ncbi.nlm.nih.gov/genomes/all/GCA/000/210/335/GCA_000210335.1_ASM21033v1/GCA_000210335.1_ASM21033v1_genomic.gff.gz	https://ftp.ncbi.nlm.nih.gov/genomes/all/GCA/000/210/335/GCA_000210335.1_ASM21033v1/GCA_000210335.1_ASM21033v1_genomic.gtf.gz	Phytozome 暂不下载，仅后续记录可用性
完整：清单、文件、中文 README 都存在	Triticum aestivum	bread wheat	GCA_001077335.1	ASM107733v1	Scaffold	NCBI GenBank	Chinese Spring	PRJEB4376	Triticum_aestivum_GCA_001077335.1	yes	yes	yes	yes	yes	0	16084745	92418	52003	16233631	Triticum_aestivum_GCA_001077335.1/genome/GCA_001077335.1_ASM107733v1_genomic.fna.gz	Triticum_aestivum_GCA_001077335.1/annotation/GCA_001077335.1_ASM107733v1_genomic.gff.gz	Triticum_aestivum_GCA_001077335.1/annotation/GCA_001077335.1_ASM107733v1_genomic.gtf.gz	https://ftp.ncbi.nlm.nih.gov/genomes/all/GCA/001/077/335/GCA_001077335.1_ASM107733v1/GCA_001077335.1_ASM107733v1_genomic.fna.gz	https://ftp.ncbi.nlm.nih.gov/genomes/all/GCA/001/077/335/GCA_001077335.1_ASM107733v1/GCA_001077335.1_ASM107733v1_genomic.gff.gz	https://ftp.ncbi.nlm.nih.gov/genomes/all/GCA/001/077/335/GCA_001077335.1_ASM107733v1/GCA_001077335.1_ASM107733v1_genomic.gtf.gz	Phytozome 暂不下载，仅后续记录可用性
完整：清单、文件、中文 README 都存在	Triticum aestivum	bread wheat	GCA_002220415.3	Triticum_4.0	Chromosome	NCBI GenBank	Chinese Spring	PRJNA392179	Triticum_aestivum_GCA_002220415.3	yes	yes	yes	yes	yes	0	4589215712	25179426	23378078	4637777728	Triticum_aestivum_GCA_002220415.3/genome/GCA_002220415.3_Triticum_4.0_genomic.fna.gz	Triticum_aestivum_GCA_002220415.3/annotation/GCA_002220415.3_Triticum_4.0_genomic.gff.gz	Triticum_aestivum_GCA_002220415.3/annotation/GCA_002220415.3_Triticum_4.0_genomic.gtf.gz	https://ftp.ncbi.nlm.nih.gov/genomes/all/GCA/002/220/415/GCA_002220415.3_Triticum_4.0/GCA_002220415.3_Triticum_4.0_genomic.fna.gz	https://ftp.ncbi.nlm.nih.gov/genomes/all/GCA/002/220/415/GCA_002220415.3_Triticum_4.0/GCA_002220415.3_Triticum_4.0_genomic.gff.gz	https://ftp.ncbi.nlm.nih.gov/genomes/all/GCA/002/220/415/GCA_002220415.3_Triticum_4.0/GCA_002220415.3_Triticum_4.0_genomic.gtf.gz	Phytozome 暂不下载，仅后续记录可用性
完整：清单、文件、中文 README 都存在	Triticum aestivum	bread wheat	GCA_040256815.2	ASM4025681v2	Complete Genome	NCBI GenBank	Chinese Spring	PRJNA1062539	Triticum_aestivum_GCA_040256815.2	yes	yes	yes	yes	yes	0	4329611658	25415984	26608663	4381640833	Triticum_aestivum_GCA_040256815.2/genome/GCA_040256815.2_ASM4025681v2_genomic.fna.gz	Triticum_aestivum_GCA_040256815.2/annotation/GCA_040256815.2_ASM4025681v2_genomic.gff.gz	Triticum_aestivum_GCA_040256815.2/annotation/GCA_040256815.2_ASM4025681v2_genomic.gtf.gz	https://ftp.ncbi.nlm.nih.gov/genomes/all/GCA/040/256/815/GCA_040256815.2_ASM4025681v2/GCA_040256815.2_ASM4025681v2_genomic.fna.gz	https://ftp.ncbi.nlm.nih.gov/genomes/all/GCA/040/256/815/GCA_040256815.2_ASM4025681v2/GCA_040256815.2_ASM4025681v2_genomic.gff.gz	https://ftp.ncbi.nlm.nih.gov/genomes/all/GCA/040/256/815/GCA_040256815.2_ASM4025681v2/GCA_040256815.2_ASM4025681v2_genomic.gtf.gz	Phytozome 暂不下载，仅后续记录可用性
完整：清单、文件、中文 README 都存在	Triticum aestivum	bread wheat	GCA_900411305.1	CH Campala Lr22a Pseudomolecule v5	Chromosome	NCBI GenBank		PRJEB24957	Triticum_aestivum_GCA_900411305.1	yes	yes	yes	yes	yes	0	170309082	1715269	1237060	173266542	Triticum_aestivum_GCA_900411305.1/genome/GCA_900411305.1_CH_Campala_Lr22a_Pseudomolecule_v5_genomic.fna.gz	Triticum_aestivum_GCA_900411305.1/annotation/GCA_900411305.1_CH_Campala_Lr22a_Pseudomolecule_v5_genomic.gff.gz	Triticum_aestivum_GCA_900411305.1/annotation/GCA_900411305.1_CH_Campala_Lr22a_Pseudomolecule_v5_genomic.gtf.gz	https://ftp.ncbi.nlm.nih.gov/genomes/all/GCA/900/411/305/GCA_900411305.1_CH_Campala_Lr22a_Pseudomolecule_v5/GCA_900411305.1_CH_Campala_Lr22a_Pseudomolecule_v5_genomic.fna.gz	https://ftp.ncbi.nlm.nih.gov/genomes/all/GCA/900/411/305/GCA_900411305.1_CH_Campala_Lr22a_Pseudomolecule_v5/GCA_900411305.1_CH_Campala_Lr22a_Pseudomolecule_v5_genomic.gff.gz	https://ftp.ncbi.nlm.nih.gov/genomes/all/GCA/900/411/305/GCA_900411305.1_CH_Campala_Lr22a_Pseudomolecule_v5/GCA_900411305.1_CH_Campala_Lr22a_Pseudomolecule_v5_genomic.gtf.gz	Phytozome 暂不下载，仅后续记录可用性
基本完整：文件存在，但清单或 README 需要复核	Triticum aestivum	bread wheat	GCA_949126075.2	EI_Triticum_aestivum_paragon_v3	Chromosome	NCBI GenBank		PRJEB59244	Triticum_aestivum_GCA_949126075.2	yes	yes	yes	yes	yes	0	4338188716	26675732	31874165	4396747315	Triticum_aestivum_GCA_949126075.2/genome/GCA_949126075.2_EI_Triticum_aestivum_paragon_v3_genomic.fna.gz	Triticum_aestivum_GCA_949126075.2/annotation/Triticum_aestivum_paragon.GCA949126075v1.62.chr.gff3.gz	Triticum_aestivum_GCA_949126075.2/annotation/Triticum_aestivum_paragon.GCA949126075v1.62.chr.gtf.gz	https://ftp.ncbi.nlm.nih.gov/genomes/all/GCA/949/126/075/GCA_949126075.2_EI_Triticum_aestivum_paragon_v3/GCA_949126075.2_EI_Triticum_aestivum_paragon_v3_genomic.fna.gz	https://ftp.ncbi.nlm.nih.gov/genomes/all/GCA/949/126/075/GCA_949126075.2_EI_Triticum_aestivum_paragon_v3/GCA_949126075.2_EI_Triticum_aestivum_paragon_v3_genomic.gff.gz	https://ftp.ncbi.nlm.nih.gov/genomes/all/GCA/949/126/075/GCA_949126075.2_EI_Triticum_aestivum_paragon_v3/GCA_949126075.2_EI_Triticum_aestivum_paragon_v3_genomic.gtf.gz	Phytozome 暂不下载，仅后续记录可用性
完整：清单、文件、中文 README 都存在	Triticum aestivum	bread wheat	GCA_951799155.2	NIAB Elite MAGIC Alchemy version 1.1	Chromosome	NCBI GenBank	Alchemy	PRJEB60701	Triticum_aestivum_GCA_951799155.2	yes	yes	yes	yes	yes	0	4258161934	4920189	4158334	4267245655	Triticum_aestivum_GCA_951799155.2/genome/GCA_951799155.2_NIAB_Elite_MAGIC_Alchemy_version_1.1_genomic.fna.gz	Triticum_aestivum_GCA_951799155.2/annotation/GCA_951799155.2_NIAB_Elite_MAGIC_Alchemy_version_1.1_genomic.gff.gz	Triticum_aestivum_GCA_951799155.2/annotation/GCA_951799155.2_NIAB_Elite_MAGIC_Alchemy_version_1.1_genomic.gtf.gz	https://ftp.ncbi.nlm.nih.gov/genomes/all/GCA/951/799/155/GCA_951799155.2_NIAB_Elite_MAGIC_Alchemy_version_1.1/GCA_951799155.2_NIAB_Elite_MAGIC_Alchemy_version_1.1_genomic.fna.gz	https://ftp.ncbi.nlm.nih.gov/genomes/all/GCA/951/799/155/GCA_951799155.2_NIAB_Elite_MAGIC_Alchemy_version_1.1/GCA_951799155.2_NIAB_Elite_MAGIC_Alchemy_version_1.1_genomic.gff.gz	https://ftp.ncbi.nlm.nih.gov/genomes/all/GCA/951/799/155/GCA_951799155.2_NIAB_Elite_MAGIC_Alchemy_version_1.1/GCA_951799155.2_NIAB_Elite_MAGIC_Alchemy_version_1.1_genomic.gtf.gz	Phytozome 暂不下载，仅后续记录可用性
完整：清单、文件、中文 README 都存在	Triticum aestivum	bread wheat	GCA_964488245.2	NIAB Elite MAGIC Brompton version 1.1	Chromosome	NCBI GenBank	Brompton	PRJEB60701	Triticum_aestivum_GCA_964488245.2	yes	yes	yes	yes	yes	0	4245159370	4967955	4160273	4254292826	Triticum_aestivum_GCA_964488245.2/genome/GCA_964488245.2_NIAB_Elite_MAGIC_Brompton_version_1.1_genomic.fna.gz	Triticum_aestivum_GCA_964488245.2/annotation/GCA_964488245.2_NIAB_Elite_MAGIC_Brompton_version_1.1_genomic.gff.gz	Triticum_aestivum_GCA_964488245.2/annotation/GCA_964488245.2_NIAB_Elite_MAGIC_Brompton_version_1.1_genomic.gtf.gz	https://ftp.ncbi.nlm.nih.gov/genomes/all/GCA/964/488/245/GCA_964488245.2_NIAB_Elite_MAGIC_Brompton_version_1.1/GCA_964488245.2_NIAB_Elite_MAGIC_Brompton_version_1.1_genomic.fna.gz	https://ftp.ncbi.nlm.nih.gov/genomes/all/GCA/964/488/245/GCA_964488245.2_NIAB_Elite_MAGIC_Brompton_version_1.1/GCA_964488245.2_NIAB_Elite_MAGIC_Brompton_version_1.1_genomic.gff.gz	https://ftp.ncbi.nlm.nih.gov/genomes/all/GCA/964/488/245/GCA_964488245.2_NIAB_Elite_MAGIC_Brompton_version_1.1/GCA_964488245.2_NIAB_Elite_MAGIC_Brompton_version_1.1_genomic.gtf.gz	Phytozome 暂不下载，仅后续记录可用性
完整：清单、文件、中文 README 都存在	Triticum aestivum	bread wheat	GCA_964494315.2	NIAB Elite MAGIC Claire version 1.1	Chromosome	NCBI GenBank	Claire	PRJEB60701	Triticum_aestivum_GCA_964494315.2	yes	yes	yes	yes	yes	0	4202539674	4880470	4166801	4211592113	Triticum_aestivum_GCA_964494315.2/genome/GCA_964494315.2_NIAB_Elite_MAGIC_Claire_version_1.1_genomic.fna.gz	Triticum_aestivum_GCA_964494315.2/annotation/GCA_964494315.2_NIAB_Elite_MAGIC_Claire_version_1.1_genomic.gff.gz	Triticum_aestivum_GCA_964494315.2/annotation/GCA_964494315.2_NIAB_Elite_MAGIC_Claire_version_1.1_genomic.gtf.gz	https://ftp.ncbi.nlm.nih.gov/genomes/all/GCA/964/494/315/GCA_964494315.2_NIAB_Elite_MAGIC_Claire_version_1.1/GCA_964494315.2_NIAB_Elite_MAGIC_Claire_version_1.1_genomic.fna.gz	https://ftp.ncbi.nlm.nih.gov/genomes/all/GCA/964/494/315/GCA_964494315.2_NIAB_Elite_MAGIC_Claire_version_1.1/GCA_964494315.2_NIAB_Elite_MAGIC_Claire_version_1.1_genomic.gff.gz	https://ftp.ncbi.nlm.nih.gov/genomes/all/GCA/964/494/315/GCA_964494315.2_NIAB_Elite_MAGIC_Claire_version_1.1/GCA_964494315.2_NIAB_Elite_MAGIC_Claire_version_1.1_genomic.gtf.gz	Phytozome 暂不下载，仅后续记录可用性
完整：清单、文件、中文 README 都存在	Triticum aestivum	bread wheat	GCA_964498365.2	NIAB Elite MAGIC Rialto version 1.1	Chromosome	NCBI GenBank	Rialto	PRJEB60701	Triticum_aestivum_GCA_964498365.2	yes	yes	yes	yes	yes	0	4245487257	4876561	4162721	4254531707	Triticum_aestivum_GCA_964498365.2/genome/GCA_964498365.2_NIAB_Elite_MAGIC_Rialto_version_1.1_genomic.fna.gz	Triticum_aestivum_GCA_964498365.2/annotation/GCA_964498365.2_NIAB_Elite_MAGIC_Rialto_version_1.1_genomic.gff.gz	Triticum_aestivum_GCA_964498365.2/annotation/GCA_964498365.2_NIAB_Elite_MAGIC_Rialto_version_1.1_genomic.gtf.gz	https://ftp.ncbi.nlm.nih.gov/genomes/all/GCA/964/498/365/GCA_964498365.2_NIAB_Elite_MAGIC_Rialto_version_1.1/GCA_964498365.2_NIAB_Elite_MAGIC_Rialto_version_1.1_genomic.fna.gz	https://ftp.ncbi.nlm.nih.gov/genomes/all/GCA/964/498/365/GCA_964498365.2_NIAB_Elite_MAGIC_Rialto_version_1.1/GCA_964498365.2_NIAB_Elite_MAGIC_Rialto_version_1.1_genomic.gff.gz	https://ftp.ncbi.nlm.nih.gov/genomes/all/GCA/964/498/365/GCA_964498365.2_NIAB_Elite_MAGIC_Rialto_version_1.1/GCA_964498365.2_NIAB_Elite_MAGIC_Rialto_version_1.1_genomic.gtf.gz	Phytozome 暂不下载，仅后续记录可用性
完整：清单、文件、中文 README 都存在	Triticum aestivum	bread wheat	GCA_964499505.2	NIAB Elite MAGIC Robigus version 1.1	Chromosome	NCBI GenBank	Robigus	PRJEB60701	Triticum_aestivum_GCA_964499505.2	yes	yes	yes	yes	yes	0	4207680217	4922094	4162091	4216769600	Triticum_aestivum_GCA_964499505.2/genome/GCA_964499505.2_NIAB_Elite_MAGIC_Robigus_version_1.1_genomic.fna.gz	Triticum_aestivum_GCA_964499505.2/annotation/GCA_964499505.2_NIAB_Elite_MAGIC_Robigus_version_1.1_genomic.gff.gz	Triticum_aestivum_GCA_964499505.2/annotation/GCA_964499505.2_NIAB_Elite_MAGIC_Robigus_version_1.1_genomic.gtf.gz	https://ftp.ncbi.nlm.nih.gov/genomes/all/GCA/964/499/505/GCA_964499505.2_NIAB_Elite_MAGIC_Robigus_version_1.1/GCA_964499505.2_NIAB_Elite_MAGIC_Robigus_version_1.1_genomic.fna.gz	https://ftp.ncbi.nlm.nih.gov/genomes/all/GCA/964/499/505/GCA_964499505.2_NIAB_Elite_MAGIC_Robigus_version_1.1/GCA_964499505.2_NIAB_Elite_MAGIC_Robigus_version_1.1_genomic.gff.gz	https://ftp.ncbi.nlm.nih.gov/genomes/all/GCA/964/499/505/GCA_964499505.2_NIAB_Elite_MAGIC_Robigus_version_1.1/GCA_964499505.2_NIAB_Elite_MAGIC_Robigus_version_1.1_genomic.gtf.gz	Phytozome 暂不下载，仅后续记录可用性
完整：清单、文件、中文 README 都存在	Triticum aestivum	bread wheat	GCA_964500185.2	NIAB Elite MAGIC Soissons version 1.1	Chromosome	NCBI GenBank	Soissons	PRJEB60701	Triticum_aestivum_GCA_964500185.2	yes	yes	yes	yes	yes	0	4218530475	4989125	4180117	4227704945	Triticum_aestivum_GCA_964500185.2/genome/GCA_964500185.2_NIAB_Elite_MAGIC_Soissons_version_1.1_genomic.fna.gz	Triticum_aestivum_GCA_964500185.2/annotation/GCA_964500185.2_NIAB_Elite_MAGIC_Soissons_version_1.1_genomic.gff.gz	Triticum_aestivum_GCA_964500185.2/annotation/GCA_964500185.2_NIAB_Elite_MAGIC_Soissons_version_1.1_genomic.gtf.gz	https://ftp.ncbi.nlm.nih.gov/genomes/all/GCA/964/500/185/GCA_964500185.2_NIAB_Elite_MAGIC_Soissons_version_1.1/GCA_964500185.2_NIAB_Elite_MAGIC_Soissons_version_1.1_genomic.fna.gz	https://ftp.ncbi.nlm.nih.gov/genomes/all/GCA/964/500/185/GCA_964500185.2_NIAB_Elite_MAGIC_Soissons_version_1.1/GCA_964500185.2_NIAB_Elite_MAGIC_Soissons_version_1.1_genomic.gff.gz	https://ftp.ncbi.nlm.nih.gov/genomes/all/GCA/964/500/185/GCA_964500185.2_NIAB_Elite_MAGIC_Soissons_version_1.1/GCA_964500185.2_NIAB_Elite_MAGIC_Soissons_version_1.1_genomic.gtf.gz	Phytozome 暂不下载，仅后续记录可用性
完整：清单、文件、中文 README 都存在	Triticum aestivum	bread wheat	GCA_964506145.2	NIAB Elite MAGIC Xi19 version 1.1	Chromosome	NCBI GenBank	Xi19	PRJEB60701	Triticum_aestivum_GCA_964506145.2	yes	yes	yes	yes	yes	0	4266561770	4884552	4120395	4275571825	Triticum_aestivum_GCA_964506145.2/genome/GCA_964506145.2_NIAB_Elite_MAGIC_Xi19_version_1.1_genomic.fna.gz	Triticum_aestivum_GCA_964506145.2/annotation/GCA_964506145.2_NIAB_Elite_MAGIC_Xi19_version_1.1_genomic.gff.gz	Triticum_aestivum_GCA_964506145.2/annotation/GCA_964506145.2_NIAB_Elite_MAGIC_Xi19_version_1.1_genomic.gtf.gz	https://ftp.ncbi.nlm.nih.gov/genomes/all/GCA/964/506/145/GCA_964506145.2_NIAB_Elite_MAGIC_Xi19_version_1.1/GCA_964506145.2_NIAB_Elite_MAGIC_Xi19_version_1.1_genomic.fna.gz	https://ftp.ncbi.nlm.nih.gov/genomes/all/GCA/964/506/145/GCA_964506145.2_NIAB_Elite_MAGIC_Xi19_version_1.1/GCA_964506145.2_NIAB_Elite_MAGIC_Xi19_version_1.1_genomic.gff.gz	https://ftp.ncbi.nlm.nih.gov/genomes/all/GCA/964/506/145/GCA_964506145.2_NIAB_Elite_MAGIC_Xi19_version_1.1/GCA_964506145.2_NIAB_Elite_MAGIC_Xi19_version_1.1_genomic.gtf.gz	Phytozome 暂不下载，仅后续记录可用性
完整：清单、文件、中文 README 都存在	Triticum aestivum	bread wheat	GCF_018294505.1	IWGSC CS RefSeq v2.1	Chromosome	NCBI RefSeq	Chinese Spring	PRJNA764258	Triticum_aestivum_GCF_018294505.1	yes	yes	yes	yes	yes	0	4338081367	42728074	39307203	4420121385	Triticum_aestivum_GCF_018294505.1/genome/GCF_018294505.1_IWGSC_CS_RefSeq_v2.1_genomic.fna.gz	Triticum_aestivum_GCF_018294505.1/annotation/GCF_018294505.1_IWGSC_CS_RefSeq_v2.1_genomic.gff.gz	Triticum_aestivum_GCF_018294505.1/annotation/GCF_018294505.1_IWGSC_CS_RefSeq_v2.1_genomic.gtf.gz	https://ftp.ncbi.nlm.nih.gov/genomes/all/GCF/018/294/505/GCF_018294505.1_IWGSC_CS_RefSeq_v2.1/GCF_018294505.1_IWGSC_CS_RefSeq_v2.1_genomic.fna.gz	https://ftp.ncbi.nlm.nih.gov/genomes/all/GCF/018/294/505/GCF_018294505.1_IWGSC_CS_RefSeq_v2.1/GCF_018294505.1_IWGSC_CS_RefSeq_v2.1_genomic.gff.gz	https://ftp.ncbi.nlm.nih.gov/genomes/all/GCF/018/294/505/GCF_018294505.1_IWGSC_CS_RefSeq_v2.1/GCF_018294505.1_IWGSC_CS_RefSeq_v2.1_genomic.gtf.gz	Phytozome 暂不下载，仅后续记录可用性
完整：清单、文件、中文 README 都存在	Vigna radiata	mung bean	GCF_000741045.1	Vradiata_ver6	Chromosome	NCBI RefSeq	VC1973A	PRJNA301363	Vigna_radiata_GCF_000741045.1	yes	yes	yes	yes	yes	0	137333161	9760965	9377082	156475730	Vigna_radiata_GCF_000741045.1/genome/GCF_000741045.1_Vradiata_ver6_genomic.fna.gz	Vigna_radiata_GCF_000741045.1/annotation/GCF_000741045.1_Vradiata_ver6_genomic.gff.gz	Vigna_radiata_GCF_000741045.1/annotation/GCF_000741045.1_Vradiata_ver6_genomic.gtf.gz	https://ftp.ncbi.nlm.nih.gov/genomes/all/GCF/000/741/045/GCF_000741045.1_Vradiata_ver6/GCF_000741045.1_Vradiata_ver6_genomic.fna.gz	https://ftp.ncbi.nlm.nih.gov/genomes/all/GCF/000/741/045/GCF_000741045.1_Vradiata_ver6/GCF_000741045.1_Vradiata_ver6_genomic.gff.gz	https://ftp.ncbi.nlm.nih.gov/genomes/all/GCF/000/741/045/GCF_000741045.1_Vradiata_ver6/GCF_000741045.1_Vradiata_ver6_genomic.gtf.gz	Phytozome 暂不下载，仅后续记录可用性
完整：清单、文件、中文 README 都存在	Vitis vinifera	grape	GCA_000003745.2	12X	Chromosome	NCBI GenBank	PN40024	PRJEA18785	Vitis_vinifera_GCA_000003745.2	yes	yes	yes	yes	yes	0	146238606	6443264	5710819	158396919	Vitis_vinifera_GCA_000003745.2/genome/GCA_000003745.2_12X_genomic.fna.gz	Vitis_vinifera_GCA_000003745.2/annotation/GCA_000003745.2_12X_genomic.gff.gz	Vitis_vinifera_GCA_000003745.2/annotation/GCA_000003745.2_12X_genomic.gtf.gz	https://ftp.ncbi.nlm.nih.gov/genomes/all/GCA/000/003/745/GCA_000003745.2_12X/GCA_000003745.2_12X_genomic.fna.gz	https://ftp.ncbi.nlm.nih.gov/genomes/all/GCA/000/003/745/GCA_000003745.2_12X/GCA_000003745.2_12X_genomic.gff.gz	https://ftp.ncbi.nlm.nih.gov/genomes/all/GCA/000/003/745/GCA_000003745.2_12X/GCA_000003745.2_12X_genomic.gtf.gz	Phytozome 暂不下载，仅后续记录可用性
完整：清单、文件、中文 README 都存在	Vitis vinifera	grape	GCA_004011995.1	AWRI_Vv-CHD_1.0	Contig	NCBI GenBank	Chardonnay; I10V1	PRJNA399599	Vitis_vinifera_GCA_004011995.1	yes	yes	yes	yes	yes	0	270309004	19693967	19798969	309806519	Vitis_vinifera_GCA_004011995.1/genome/GCA_004011995.1_AWRI_Vv-CHD_1.0_genomic.fna.gz	Vitis_vinifera_GCA_004011995.1/annotation/GCA_004011995.1_AWRI_Vv-CHD_1.0_genomic.gff.gz	Vitis_vinifera_GCA_004011995.1/annotation/GCA_004011995.1_AWRI_Vv-CHD_1.0_genomic.gtf.gz	https://ftp.ncbi.nlm.nih.gov/genomes/all/GCA/004/011/995/GCA_004011995.1_AWRI_Vv-CHD_1.0/GCA_004011995.1_AWRI_Vv-CHD_1.0_genomic.fna.gz	https://ftp.ncbi.nlm.nih.gov/genomes/all/GCA/004/011/995/GCA_004011995.1_AWRI_Vv-CHD_1.0/GCA_004011995.1_AWRI_Vv-CHD_1.0_genomic.gff.gz	https://ftp.ncbi.nlm.nih.gov/genomes/all/GCA/004/011/995/GCA_004011995.1_AWRI_Vv-CHD_1.0/GCA_004011995.1_AWRI_Vv-CHD_1.0_genomic.gtf.gz	Phytozome 暂不下载，仅后续记录可用性
完整：清单、文件、中文 README 都存在	Vitis vinifera	grape	GCF_030704535.1	ASM3070453v1	Complete Genome	NCBI RefSeq	Pinot Noir 40024	PRJNA1013121	Vitis_vinifera_GCF_030704535.1	yes	yes	yes	yes	yes	0	147926253	9848341	9278568	167057676	Vitis_vinifera_GCF_030704535.1/genome/GCF_030704535.1_ASM3070453v1_genomic.fna.gz	Vitis_vinifera_GCF_030704535.1/annotation/GCF_030704535.1_ASM3070453v1_genomic.gff.gz	Vitis_vinifera_GCF_030704535.1/annotation/GCF_030704535.1_ASM3070453v1_genomic.gtf.gz	https://ftp.ncbi.nlm.nih.gov/genomes/all/GCF/030/704/535/GCF_030704535.1_ASM3070453v1/GCF_030704535.1_ASM3070453v1_genomic.fna.gz	https://ftp.ncbi.nlm.nih.gov/genomes/all/GCF/030/704/535/GCF_030704535.1_ASM3070453v1/GCF_030704535.1_ASM3070453v1_genomic.gff.gz	https://ftp.ncbi.nlm.nih.gov/genomes/all/GCF/030/704/535/GCF_030704535.1_ASM3070453v1/GCF_030704535.1_ASM3070453v1_genomic.gtf.gz	Phytozome 暂不下载，仅后续记录可用性
完整：清单、文件、中文 README 都存在	Zea mays	maize	GCA_000005005.6	B73 RefGen_v4	Chromosome	NCBI GenBank	B73	PRJNA10769	Zea_mays_GCA_000005005.6	yes	yes	yes	yes	yes	0	635137885	24577894	24674626	684394869	Zea_mays_GCA_000005005.6/genome/GCA_000005005.6_B73_RefGen_v4_genomic.fna.gz	Zea_mays_GCA_000005005.6/annotation/GCA_000005005.6_B73_RefGen_v4_genomic.gff.gz	Zea_mays_GCA_000005005.6/annotation/GCA_000005005.6_B73_RefGen_v4_genomic.gtf.gz	https://ftp.ncbi.nlm.nih.gov/genomes/all/GCA/000/005/005/GCA_000005005.6_B73_RefGen_v4/GCA_000005005.6_B73_RefGen_v4_genomic.fna.gz	https://ftp.ncbi.nlm.nih.gov/genomes/all/GCA/000/005/005/GCA_000005005.6_B73_RefGen_v4/GCA_000005005.6_B73_RefGen_v4_genomic.gff.gz	https://ftp.ncbi.nlm.nih.gov/genomes/all/GCA/000/005/005/GCA_000005005.6_B73_RefGen_v4/GCA_000005005.6_B73_RefGen_v4_genomic.gtf.gz	Phytozome 暂不下载，仅后续记录可用性
完整：清单、文件、中文 README 都存在	Zea mays	maize	GCA_003185045.1	Zm-Mo17-REFERENCE-CAU-1.0	Chromosome	NCBI GenBank	inbred line Mo17	PRJNA358298	Zea_mays_GCA_003185045.1	yes	yes	yes	yes	yes	0	648177270	9615294	9347111	667144499	Zea_mays_GCA_003185045.1/genome/GCA_003185045.1_Zm-Mo17-REFERENCE-CAU-1.0_genomic.fna.gz	Zea_mays_GCA_003185045.1/annotation/GCA_003185045.1_Zm-Mo17-REFERENCE-CAU-1.0_genomic.gff.gz	Zea_mays_GCA_003185045.1/annotation/GCA_003185045.1_Zm-Mo17-REFERENCE-CAU-1.0_genomic.gtf.gz	https://ftp.ncbi.nlm.nih.gov/genomes/all/GCA/003/185/045/GCA_003185045.1_Zm-Mo17-REFERENCE-CAU-1.0/GCA_003185045.1_Zm-Mo17-REFERENCE-CAU-1.0_genomic.fna.gz	https://ftp.ncbi.nlm.nih.gov/genomes/all/GCA/003/185/045/GCA_003185045.1_Zm-Mo17-REFERENCE-CAU-1.0/GCA_003185045.1_Zm-Mo17-REFERENCE-CAU-1.0_genomic.gff.gz	https://ftp.ncbi.nlm.nih.gov/genomes/all/GCA/003/185/045/GCA_003185045.1_Zm-Mo17-REFERENCE-CAU-1.0/GCA_003185045.1_Zm-Mo17-REFERENCE-CAU-1.0_genomic.gtf.gz	Phytozome 暂不下载，仅后续记录可用性
完整：清单、文件、中文 README 都存在	Zea mays	maize	GCA_049266015.1	ASM4926601v1	Chromosome	NCBI GenBank	B73; B73plus2B	PRJNA1191055	Zea_mays_GCA_049266015.1	yes	yes	yes	yes	yes	0	702282195	12005251	11884363	726176257	Zea_mays_GCA_049266015.1/genome/GCA_049266015.1_ASM4926601v1_genomic.fna.gz	Zea_mays_GCA_049266015.1/annotation/GCA_049266015.1_ASM4926601v1_genomic.gff.gz	Zea_mays_GCA_049266015.1/annotation/GCA_049266015.1_ASM4926601v1_genomic.gtf.gz	https://ftp.ncbi.nlm.nih.gov/genomes/all/GCA/049/266/015/GCA_049266015.1_ASM4926601v1/GCA_049266015.1_ASM4926601v1_genomic.fna.gz	https://ftp.ncbi.nlm.nih.gov/genomes/all/GCA/049/266/015/GCA_049266015.1_ASM4926601v1/GCA_049266015.1_ASM4926601v1_genomic.gff.gz	https://ftp.ncbi.nlm.nih.gov/genomes/all/GCA/049/266/015/GCA_049266015.1_ASM4926601v1/GCA_049266015.1_ASM4926601v1_genomic.gtf.gz	Phytozome 暂不下载，仅后续记录可用性
基本完整：文件存在，但清单或 README 需要复核	Zea mays	maize	GCF_902167145.1	Zm-B73-REFERENCE-NAM-5.0	Chromosome	NCBI RefSeq	B73	PRJNA655717	Zea_mays_GCF_902167145.1	yes	yes	yes	yes	yes	0	650091408	16151440	16097435	682345064	Zea_mays_GCF_902167145.1/genome/GCF_902167145.1_Zm-B73-REFERENCE-NAM-5.0_genomic.fna.gz	Zea_mays_GCF_902167145.1/annotation/GCF_902167145.1_Zm-B73-REFERENCE-NAM-5.0_genomic.gff.gz	Zea_mays_GCF_902167145.1/annotation/GCF_902167145.1_Zm-B73-REFERENCE-NAM-5.0_genomic.gtf.gz	https://ftp.ncbi.nlm.nih.gov/genomes/all/GCF/902/167/145/GCF_902167145.1_Zm-B73-REFERENCE-NAM-5.0/GCF_902167145.1_Zm-B73-REFERENCE-NAM-5.0_genomic.fna.gz	https://ftp.ncbi.nlm.nih.gov/genomes/all/GCF/902/167/145/GCF_902167145.1_Zm-B73-REFERENCE-NAM-5.0/GCF_902167145.1_Zm-B73-REFERENCE-NAM-5.0_genomic.gff.gz	https://ftp.ncbi.nlm.nih.gov/genomes/all/GCF/902/167/145/GCF_902167145.1_Zm-B73-REFERENCE-NAM-5.0/GCF_902167145.1_Zm-B73-REFERENCE-NAM-5.0_genomic.gtf.gz	Phytozome 暂不下载，仅后续记录可用性
